item_id,order_id,product_id,quantity,unit_price,discount_percent
ITEM000001,ORD00283,PROD0512,4,15166.7,4.64
ITEM000002,ORD00787,PROD0185,5,15623.49,33.76
ITEM000003,ORD00985,PROD0036,7,9057.95,19.91
ITEM000004,ORD01060,PROD0109,2,17379.71,36.63
ITEM000005,ORD00829,PROD0013,3,28776.64,19.2
ITEM000006,ORD00932,PROD0012,7,21180.61,2.73
ITEM000007,ORD00871,PROD0265,2,30221.44,40.12
ITEM000008,ORD00923,PROD0515,8,35629.97,42.21
ITEM000009,ORD00748,PROD0115,7,26632.41,19.17
ITEM000010,ORD00164,PROD0154,-5,12966.04,25.74
ITEM000011,ORD00932,PROD0446,5,2088.24,43.39
ITEM000012,ORD00943,PROD0376,6,12691.11,16.87
ITEM000013,ORD00607,PROD0025,3,14732.66,20.85
ITEM000014,ORD00915,PROD0333,1,29829.37,17.86
ITEM000015,ORD00075,PROD0545,4,8844.16,26.75
ITEM000016,ORD00259,PROD0149,7,44646.56,17.27
ITEM000017,ORD00939,PROD0250,8,2127.98,16.33
ITEM000018,ORD00079,PROD0151,2,19157.46,49.01
ITEM000019,ORD00162,PROD0346,5,21184.24,1.12
ITEM000020,ORD00527,PROD0082,7,48261.49,39.68
ITEM000021,ORD01170,PROD0268,4,34743.43,2.44
ITEM000022,ORD01175,PROD0485,7,13811.86,34.44
ITEM000023,ORD00381,PROD0284,1,30270.67,45.49
ITEM000024,ORD00584,PROD0280,-2,1034.08,20.72
ITEM000025,ORD00266,PROD0282,6,4947.67,11.24
ITEM000026,ORD00665,PROD0227,5,36435.38,30.47
ITEM000027,ORD00944,PROD0431,6,27118.75,23.78
ITEM000028,ORD01143,PROD0013,6,17383.68,22.22
ITEM000029,ORD00947,PROD0511,3,33682.0,12.78
ITEM000030,ORD00067,PROD0586,8,28110.15,17.26
ITEM000031,ORD00426,PROD0543,5,37567.79,22.57
ITEM000032,ORD00958,PROD0031,3,31250.83,28.24
ITEM000033,ORD00851,PROD0024,5,27866.33,24.54
ITEM000034,ORD00481,PROD0385,3,18983.6,47.44
ITEM000035,ORD00253,PROD0100,4,49607.33,28.54
ITEM000036,ORD00366,PROD0163,7,27548.51,17.6
ITEM000037,ORD00446,PROD0429,5,16038.23,18.16
ITEM000038,ORD00217,PROD0326,7,11332.45,20.2
ITEM000039,ORD00951,PROD0294,8,7932.69,43.67
ITEM000040,ORD00820,PROD0296,-3,38170.45,32.81
ITEM000041,ORD00202,PROD0393,7,48714.94,20.51
ITEM000042,ORD00060,PROD0230,2,30018.45,36.61
ITEM000043,ORD00047,PROD0333,3,28508.38,23.6
ITEM000044,ORD00187,PROD0380,-5,44187.27,32.71
ITEM000045,ORD01131,PROD0524,3,22942.67,36.15
ITEM000046,ORD00491,PROD0180,4,16203.94,14.65
ITEM000047,ORD00064,PROD0212,8,12327.84,30.16
ITEM000048,ORD00496,PROD0182,2,40203.98,41.89
ITEM000049,ORD00327,PROD0251,2,443.48,1.62
ITEM000050,ORD00833,PROD0533,7,3611.24,20.85
ITEM000051,ORD00533,PROD0551,1,21982.2,41.39
ITEM000052,ORD00123,PROD0300,1,18232.33,35.83
ITEM000053,ORD01048,PROD0451,2,5270.79,42.35
ITEM000054,ORD01188,PROD0115,6,20703.36,16.99
ITEM000055,ORD00498,PROD0495,2,16568.28,34.69
ITEM000056,ORD00939,PROD0504,5,17187.9,34.46
ITEM000057,ORD00678,PROD0462,5,29761.96,38.07
ITEM000058,ORD00304,PROD0535,4,44020.51,28.18
ITEM000059,ORD00597,PROD0315,3,28425.23,15.24
ITEM000060,ORD00901,PROD0302,3,7411.65,14.62
ITEM000061,ORD00787,PROD0264,1,42560.87,29.16
ITEM000062,ORD00304,PROD0599,-3,36084.85,37.27
ITEM000063,ORD01059,PROD0416,3,48622.93,32.19
ITEM000064,ORD01027,PROD0322,7,43283.89,24.26
ITEM000065,ORD00347,PROD0538,8,44866.97,0.71
ITEM000066,ORD00133,PROD0351,4,11293.07,13.92
ITEM000067,ORD00245,PROD0202,8,28513.46,31.93
ITEM000068,ORD00025,PROD0537,4,18241.66,1.64
ITEM000069,ORD00203,PROD0338,5,27708.9,26.74
ITEM000070,ORD01102,PROD0082,1,22386.98,26.15
ITEM000071,ORD00502,PROD0263,3,34515.98,32.54
ITEM000072,ORD00502,PROD0234,8,8953.79,48.97
ITEM000073,ORD00545,PROD0566,4,36693.53,45.87
ITEM000074,ORD00272,PROD0536,4,11456.55,29.28
ITEM000075,ORD01191,PROD0489,1,16011.03,31.7
ITEM000076,ORD00403,PROD0490,2,23854.19,4.99
ITEM000077,ORD00441,PROD0499,1,29127.51,43.06
ITEM000078,ORD00229,PROD0454,4,29487.98,31.75
ITEM000079,ORD00935,PROD0001,7,30107.57,24.63
ITEM000080,ORD00362,PROD0337,5,47576.64,14.98
ITEM000081,ORD01090,PROD0255,5,31333.49,5.57
ITEM000082,ORD00374,PROD0500,-5,23578.27,8.16
ITEM000083,ORD00135,PROD0443,2,46272.24,22.16
ITEM000084,ORD01104,PROD0188,2,38166.35,10.66
ITEM000085,ORD01028,PROD0313,8,5235.56,15.0
ITEM000086,ORD00431,PROD0585,6,7903.75,38.32
ITEM000087,ORD00352,PROD0162,3,16351.49,25.82
ITEM000088,ORD00971,PROD0427,5,11513.31,13.14
ITEM000089,ORD00622,PROD0380,6,36362.81,41.46
ITEM000090,ORD00646,PROD0461,7,38158.49,0.28
ITEM000091,ORD00828,PROD0057,6,32325.06,7.0
ITEM000092,ORD00936,PROD0281,-2,10509.59,35.83
ITEM000093,ORD00604,PROD0383,-4,39566.91,16.28
ITEM000094,ORD01147,PROD0205,8,42834.53,5.34
ITEM000095,ORD00498,PROD0165,8,47080.56,29.65
ITEM000096,ORD00095,PROD0400,8,12567.32,49.35
ITEM000097,ORD00769,PROD0061,6,13874.71,18.47
ITEM000098,ORD00583,PROD0114,2,16294.82,38.76
ITEM000099,ORD00848,PROD0156,5,28747.0,28.09
ITEM000100,ORD00898,PROD0252,5,27878.05,40.87
ITEM000101,ORD00045,PROD0144,2,43549.19,34.96
ITEM000102,ORD00643,PROD0370,8,37388.93,10.74
ITEM000103,ORD00658,PROD0480,6,16717.3,33.88
ITEM000104,ORD00531,PROD0262,1,7099.47,32.11
ITEM000105,ORD00876,PROD0406,1,41600.55,3.01
ITEM000106,ORD01050,PROD0383,-4,49783.16,47.99
ITEM000107,ORD00670,PROD0552,6,31755.25,36.72
ITEM000108,ORD01158,PROD0095,2,26634.95,39.93
ITEM000109,ORD00180,PROD0588,4,37620.18,38.36
ITEM000110,ORD00883,PROD0284,3,32557.14,3.65
ITEM000111,ORD01179,PROD0348,7,44480.91,20.07
ITEM000112,ORD00602,PROD0007,7,1041.7,11.26
ITEM000113,ORD00875,PROD0155,4,29260.39,38.39
ITEM000114,ORD01091,PROD0469,4,38519.4,28.72
ITEM000115,ORD00727,PROD0591,3,10386.59,9.08
ITEM000116,ORD00054,PROD0547,1,38995.21,27.0
ITEM000117,ORD00142,PROD0336,4,32942.54,10.09
ITEM000118,ORD00335,PROD0435,4,46821.48,10.86
ITEM000119,ORD00728,PROD0028,8,6243.19,47.4
ITEM000120,ORD00053,PROD0455,4,19082.79,22.34
ITEM000121,ORD00818,PROD0204,7,29551.84,6.23
ITEM000122,ORD00359,PROD0519,2,8227.86,10.48
ITEM000123,ORD01002,PROD0367,6,20814.88,10.52
ITEM000124,ORD00186,PROD0520,5,25485.89,47.24
ITEM000125,ORD00034,PROD0008,7,20075.39,42.87
ITEM000126,ORD00727,PROD0370,2,21764.03,42.39
ITEM000127,ORD00616,PROD0235,2,32556.59,40.51
ITEM000128,ORD00966,PROD0017,5,36508.49,44.87
ITEM000129,ORD00093,PROD0145,3,28272.5,6.4
ITEM000130,ORD00319,PROD0144,1,3152.95,40.12
ITEM000131,ORD00601,PROD0381,3,21020.03,8.73
ITEM000132,ORD01063,PROD0156,3,18316.89,46.25
ITEM000133,ORD00333,PROD0031,5,20242.35,18.66
ITEM000134,ORD00544,PROD0329,-1,16645.94,44.44
ITEM000135,ORD00071,PROD0148,1,27019.8,38.13
ITEM000136,ORD01076,PROD0174,1,17498.45,11.13
ITEM000137,ORD00860,PROD0068,8,23275.22,20.75
ITEM000138,ORD01100,PROD0451,1,15640.4,23.47
ITEM000139,ORD00527,PROD0132,6,47849.58,33.42
ITEM000140,ORD00198,PROD0490,4,6379.07,25.74
ITEM000141,ORD00293,PROD0231,2,35891.68,14.11
ITEM000142,ORD00216,PROD0256,3,36528.51,15.06
ITEM000143,ORD00947,PROD0533,5,38018.69,6.59
ITEM000144,ORD00865,PROD0384,1,37422.0,39.99
ITEM000145,ORD00099,PROD0203,1,7233.43,1.71
ITEM000146,ORD00488,PROD0166,1,28647.13,24.19
ITEM000147,ORD00705,PROD0193,7,22660.0,10.74
ITEM000148,ORD00539,PROD0559,5,32807.48,25.72
ITEM000149,ORD00691,PROD0346,3,12838.69,40.35
ITEM000150,ORD00999,PROD0563,2,33433.83,17.12
ITEM000151,ORD01064,PROD0270,6,21383.07,1.27
ITEM000152,ORD01113,PROD0130,8,41520.89,6.01
ITEM000153,ORD00606,PROD0130,5,22682.98,27.66
ITEM000154,ORD00170,PROD0517,4,7171.25,34.03
ITEM000155,ORD00035,PROD0204,6,26326.18,39.0
ITEM000156,ORD01153,PROD0544,6,27018.91,34.68
ITEM000157,ORD01088,PROD0171,2,34051.81,31.75
ITEM000158,ORD00464,PROD0156,7,42928.93,13.92
ITEM000159,ORD00821,PROD0304,7,44697.85,23.4
ITEM000160,ORD00279,PROD0308,-3,35446.22,33.41
ITEM000161,ORD00428,PROD0069,7,7101.13,24.05
ITEM000162,ORD00329,PROD0249,3,32339.62,19.55
ITEM000163,ORD00397,PROD0255,2,11392.62,47.45
ITEM000164,ORD00288,PROD0412,3,10370.97,7.12
ITEM000165,ORD00565,PROD0336,-1,26078.95,26.21
ITEM000166,ORD00965,PROD0238,5,41129.79,27.06
ITEM000167,ORD00931,PROD0158,6,43774.25,47.47
ITEM000168,ORD00084,PROD0391,5,5730.59,23.33
ITEM000169,ORD01199,PROD0173,8,37947.13,11.23
ITEM000170,ORD00212,PROD0091,6,12140.5,42.5
ITEM000171,ORD01013,PROD0443,2,43271.85,14.01
ITEM000172,ORD00565,PROD0258,6,21040.3,41.81
ITEM000173,ORD00731,PROD0086,-4,12212.94,24.75
ITEM000174,ORD00889,PROD0273,8,28077.47,41.87
ITEM000175,ORD00770,PROD0532,7,2200.85,5.39
ITEM000176,ORD00202,PROD0590,4,18098.97,33.63
ITEM000177,ORD00864,PROD0404,1,17430.49,39.41
ITEM000178,ORD00944,PROD0588,1,47015.83,40.66
ITEM000179,ORD00885,PROD0027,3,1304.81,47.3
ITEM000180,ORD00203,PROD0300,1,36479.96,42.47
ITEM000181,ORD00520,PROD0368,6,17683.68,48.28
ITEM000182,ORD00567,PROD0457,6,22964.41,49.55
ITEM000183,ORD00539,PROD0165,6,37061.17,37.67
ITEM000184,ORD00353,PROD0512,6,17655.05,26.91
ITEM000185,ORD00467,PROD0325,2,45717.15,4.52
ITEM000186,ORD00832,PROD0321,3,37852.57,10.11
ITEM000187,ORD00995,PROD0360,8,44799.43,37.74
ITEM000188,ORD00346,PROD0331,-2,29134.16,45.44
ITEM000189,ORD01148,PROD0304,3,19958.76,34.78
ITEM000190,ORD00407,PROD0096,7,42625.22,7.29
ITEM000191,ORD00697,PROD0546,3,46070.79,5.18
ITEM000192,ORD00602,PROD0584,6,49972.0,22.13
ITEM000193,ORD00084,PROD0252,5,1415.32,11.22
ITEM000194,ORD00449,PROD0252,8,32429.96,10.8
ITEM000195,ORD00026,PROD0304,1,42890.81,24.16
ITEM000196,ORD00899,PROD0425,4,20674.95,42.4
ITEM000197,ORD01190,PROD0410,7,37364.96,35.34
ITEM000198,ORD00746,PROD0270,6,45012.64,46.85
ITEM000199,ORD00656,PROD0554,3,16150.96,41.37
ITEM000200,ORD00506,PROD0552,2,49052.45,39.21
ITEM000201,ORD01040,PROD0488,2,40381.95,30.2
ITEM000202,ORD00714,PROD0568,4,23317.79,28.71
ITEM000203,ORD00109,PROD0472,8,29594.04,3.23
ITEM000204,ORD00351,PROD0023,1,44802.5,23.83
ITEM000205,ORD00303,PROD0066,2,47741.24,13.8
ITEM000206,ORD00517,PROD0029,8,21598.42,38.22
ITEM000207,ORD00274,PROD0406,8,15560.28,34.86
ITEM000208,ORD00624,PROD0339,7,7297.23,26.98
ITEM000209,ORD00645,PROD0007,1,35634.47,17.92
ITEM000210,ORD00246,PROD0073,7,36545.98,36.63
ITEM000211,ORD00510,PROD0184,1,32505.41,24.75
ITEM000212,ORD00245,PROD0340,7,28742.74,47.45
ITEM000213,ORD00794,PROD0418,8,7011.62,17.16
ITEM000214,ORD00197,PROD0319,7,43965.32,24.98
ITEM000215,ORD00378,PROD0267,4,17624.91,32.36
ITEM000216,ORD00168,PROD0348,2,26240.98,1.02
ITEM000217,ORD00125,PROD0571,6,4864.97,0.09
ITEM000218,ORD01084,PROD0013,-4,15382.57,40.0
ITEM000219,ORD01164,PROD0577,2,47790.01,9.42
ITEM000220,ORD01021,PROD0187,6,4938.59,34.16
ITEM000221,ORD00317,PROD0384,8,35347.74,43.98
ITEM000222,ORD00364,PROD0520,8,1614.05,1.94
ITEM000223,ORD01101,PROD0124,5,46758.12,5.39
ITEM000224,ORD00370,PROD0531,2,24932.79,30.18
ITEM000225,ORD00691,PROD0466,7,39224.73,47.2
ITEM000226,ORD01136,PROD0068,6,7154.93,48.02
ITEM000227,ORD01006,PROD0193,1,17980.24,45.83
ITEM000228,ORD00984,PROD0102,2,33209.28,16.03
ITEM000229,ORD01080,PROD0577,7,37870.48,32.16
ITEM000230,ORD00579,PROD0329,4,14718.66,31.32
ITEM000231,ORD00828,PROD0446,8,1289.32,5.22
ITEM000232,ORD01150,PROD0496,5,24930.97,39.32
ITEM000233,ORD00589,PROD0057,1,9485.14,4.46
ITEM000234,ORD01170,PROD0556,6,36988.93,26.71
ITEM000235,ORD00097,PROD0311,6,48212.94,2.62
ITEM000236,ORD00889,PROD0521,3,25486.4,34.06
ITEM000237,ORD00092,PROD0220,3,44628.57,35.62
ITEM000238,ORD00150,PROD0209,1,2357.17,19.07
ITEM000239,ORD00239,PROD0298,-2,33013.75,45.76
ITEM000240,ORD00678,PROD0182,4,18652.01,41.89
ITEM000241,ORD00092,PROD0160,4,31126.01,12.91
ITEM000242,ORD00866,PROD0585,5,10323.33,43.93
ITEM000243,ORD00559,PROD0420,7,41195.39,18.86
ITEM000244,ORD00389,PROD0500,1,31364.2,19.77
ITEM000245,ORD00920,PROD0132,4,3619.17,5.72
ITEM000246,ORD00326,PROD0501,6,8451.6,37.0
ITEM000247,ORD00816,PROD0292,5,42789.85,13.07
ITEM000248,ORD00245,PROD0405,4,47515.43,27.74
ITEM000249,ORD01020,PROD0206,1,23500.95,5.47
ITEM000250,INVALID_ORDER_250,PROD0039,3,4272.04,34.68
ITEM000251,ORD00139,PROD0248,6,21961.62,7.14
ITEM000252,ORD00085,PROD0516,4,38450.61,36.25
ITEM000253,ORD00090,PROD0583,-2,17133.24,47.52
ITEM000254,ORD00360,PROD0359,1,19626.46,7.65
ITEM000255,ORD00598,PROD0518,3,31397.96,16.79
ITEM000256,ORD00899,PROD0026,2,42186.77,30.08
ITEM000257,ORD00590,PROD0571,6,2929.99,34.24
ITEM000258,ORD00840,PROD0531,3,36231.56,16.08
ITEM000259,ORD00079,PROD0147,4,394.49,0.17
ITEM000260,ORD00120,PROD0397,2,42864.45,38.11
ITEM000261,ORD00073,PROD0578,1,32478.25,45.54
ITEM000262,ORD01171,PROD0396,7,22538.59,37.4
ITEM000263,ORD01005,PROD0257,8,24008.54,44.93
ITEM000264,ORD00931,PROD0550,4,7305.93,31.85
ITEM000265,ORD00358,PROD0398,3,18467.1,1.05
ITEM000266,ORD00615,PROD0148,7,35563.22,27.07
ITEM000267,ORD00465,PROD0412,6,10484.24,20.29
ITEM000268,ORD00856,PROD0472,8,47623.47,23.18
ITEM000269,ORD00692,PROD0334,3,36193.05,10.3
ITEM000270,ORD00445,PROD0196,6,45027.68,27.41
ITEM000271,ORD00837,PROD0384,4,19702.2,23.51
ITEM000272,ORD01112,PROD0464,7,2639.2,10.86
ITEM000273,ORD01130,PROD0161,7,9097.73,22.15
ITEM000274,ORD00423,PROD0396,3,13738.67,37.3
ITEM000275,ORD01154,PROD0160,4,7619.09,15.82
ITEM000276,ORD00504,PROD0134,8,15879.11,46.65
ITEM000277,ORD01087,PROD0037,2,4378.93,0.43
ITEM000278,ORD00109,PROD0340,6,46584.98,17.83
ITEM000279,ORD00309,PROD0219,2,18210.71,45.46
ITEM000280,ORD01195,PROD0458,3,14558.08,5.07
ITEM000281,ORD01151,PROD0164,3,8246.51,5.92
ITEM000282,ORD00840,PROD0163,8,35023.14,14.06
ITEM000283,ORD00511,PROD0117,3,45468.32,4.85
ITEM000284,ORD00081,PROD0139,8,19030.55,8.52
ITEM000285,ORD00041,PROD0372,3,22421.94,0.99
ITEM000286,ORD01008,PROD0581,6,49391.98,44.32
ITEM000287,ORD00142,PROD0182,5,33900.92,45.84
ITEM000288,ORD00228,PROD0202,6,14688.24,39.64
ITEM000289,ORD00171,PROD0364,8,896.18,44.55
ITEM000290,ORD00856,PROD0174,5,9681.96,14.01
ITEM000291,ORD01066,PROD0025,3,2695.35,11.94
ITEM000292,ORD00628,PROD0270,7,16942.14,13.64
ITEM000293,ORD00939,PROD0083,1,6619.43,48.91
ITEM000294,ORD00022,PROD0588,-4,10062.16,23.51
ITEM000295,ORD00796,PROD0037,5,34873.12,16.78
ITEM000296,ORD01050,PROD0435,6,6703.77,17.31
ITEM000297,ORD00536,PROD0566,5,13406.96,45.67
ITEM000298,ORD00174,PROD0327,2,1248.07,6.43
ITEM000299,ORD00220,PROD0249,6,3341.46,28.6
ITEM000300,ORD00486,PROD0090,1,36183.05,36.83
ITEM000301,ORD00699,PROD0073,8,31587.05,16.55
ITEM000302,ORD00217,PROD0125,3,10056.11,37.3
ITEM000303,ORD00167,PROD0191,2,291.67,39.58
ITEM000304,ORD00478,PROD0216,2,19406.36,31.27
ITEM000305,ORD00395,PROD0488,8,30312.35,9.3
ITEM000306,ORD00590,PROD0063,1,4069.96,48.71
ITEM000307,ORD00540,PROD0148,4,35028.35,35.14
ITEM000308,ORD00156,PROD0193,6,37838.68,11.39
ITEM000309,ORD00809,PROD0304,5,10991.09,12.55
ITEM000310,ORD00707,PROD0247,5,14144.31,8.06
ITEM000311,ORD00127,PROD0065,1,31030.28,40.89
ITEM000312,ORD00164,PROD0457,-1,15988.06,38.57
ITEM000313,ORD00741,PROD0068,6,22594.27,37.11
ITEM000314,ORD00984,PROD0380,8,15742.39,49.95
ITEM000315,ORD00390,PROD0234,1,34574.14,20.49
ITEM000316,ORD00946,PROD0333,7,23234.83,44.95
ITEM000317,ORD00927,PROD0157,7,21037.9,1.22
ITEM000318,ORD00286,PROD0325,3,20030.97,0.7
ITEM000319,ORD00354,PROD0155,3,10927.99,0.82
ITEM000320,ORD00968,PROD0154,4,1181.87,19.61
ITEM000321,ORD00622,PROD0563,4,24378.09,36.19
ITEM000322,ORD00887,PROD0446,3,24418.37,33.29
ITEM000323,ORD00724,PROD0109,6,35330.6,30.39
ITEM000324,ORD00290,PROD0241,8,40200.74,20.82
ITEM000325,ORD00027,PROD0316,6,31559.91,34.2
ITEM000326,ORD00879,PROD0125,5,17120.75,18.67
ITEM000327,ORD00263,PROD0379,8,3249.94,22.35
ITEM000328,ORD00855,PROD0253,6,34445.26,45.51
ITEM000329,ORD00641,PROD0488,6,28903.27,16.55
ITEM000330,ORD00399,PROD0131,4,35434.43,30.47
ITEM000331,ORD00511,PROD0501,1,15741.66,44.04
ITEM000332,ORD00787,PROD0152,2,26508.85,23.13
ITEM000333,ORD00545,PROD0069,4,39584.95,13.81
ITEM000334,ORD00294,PROD0373,1,23739.97,11.17
ITEM000335,ORD00007,PROD0336,8,28137.71,39.18
ITEM000336,ORD00656,PROD0497,4,41224.41,32.29
ITEM000337,ORD00247,PROD0303,4,26222.76,25.21
ITEM000338,ORD00509,PROD0386,1,14979.03,10.21
ITEM000339,ORD00607,PROD0026,-4,4027.61,23.25
ITEM000340,ORD00303,PROD0458,3,29732.87,37.92
ITEM000341,ORD00221,PROD0281,4,35344.21,22.67
ITEM000342,ORD00334,PROD0132,1,6283.36,43.39
ITEM000343,ORD01132,PROD0489,6,41607.04,18.75
ITEM000344,ORD00053,PROD0445,7,8982.12,30.65
ITEM000345,ORD00071,PROD0290,1,44174.65,2.79
ITEM000346,ORD00271,PROD0509,2,7081.58,5.11
ITEM000347,ORD00335,PROD0241,6,48618.74,16.91
ITEM000348,ORD00846,PROD0352,8,20087.94,3.11
ITEM000349,ORD00853,PROD0406,2,40736.77,22.42
ITEM000350,ORD00237,PROD0268,1,32273.45,27.88
ITEM000351,ORD00108,PROD0231,1,11028.15,11.63
ITEM000352,ORD00313,PROD0141,6,19437.51,31.72
ITEM000353,ORD00811,PROD0020,5,24662.14,33.48
ITEM000354,ORD00850,PROD0564,4,29524.47,10.44
ITEM000355,ORD01194,PROD0504,-1,29121.0,18.41
ITEM000356,ORD00337,PROD0407,1,45768.51,37.21
ITEM000357,ORD00577,PROD0273,7,8077.18,10.08
ITEM000358,ORD00525,PROD0343,5,19692.36,32.52
ITEM000359,ORD00925,PROD0030,7,10309.04,5.63
ITEM000360,ORD00794,PROD0110,4,10087.12,28.51
ITEM000361,ORD00612,PROD0220,5,18110.82,2.72
ITEM000362,ORD00471,PROD0581,5,10918.62,1.19
ITEM000363,ORD00026,PROD0222,6,10397.0,47.34
ITEM000364,ORD00796,PROD0336,7,30130.47,8.26
ITEM000365,ORD01007,PROD0492,5,39770.66,33.35
ITEM000366,ORD00509,PROD0080,1,42648.8,30.96
ITEM000367,ORD00023,PROD0281,5,22308.52,36.44
ITEM000368,ORD00327,PROD0100,4,32324.03,48.55
ITEM000369,ORD00764,PROD0078,1,14943.75,1.75
ITEM000370,ORD00246,PROD0310,8,46513.27,44.37
ITEM000371,ORD00420,PROD0124,1,44026.5,46.6
ITEM000372,ORD00358,PROD0015,4,22816.7,44.32
ITEM000373,ORD01142,PROD0280,8,3257.86,34.59
ITEM000374,ORD00442,PROD0067,7,1591.92,24.87
ITEM000375,ORD00954,PROD0423,1,28880.36,2.2
ITEM000376,ORD00130,PROD0288,8,10214.66,13.36
ITEM000377,ORD00557,PROD0193,8,40536.66,49.79
ITEM000378,ORD00091,PROD0577,7,27991.33,35.15
ITEM000379,ORD00475,PROD0049,2,29942.65,22.81
ITEM000380,ORD00968,PROD0558,6,36337.31,27.04
ITEM000381,ORD00657,PROD0356,7,18668.28,49.18
ITEM000382,ORD00599,PROD0152,8,33817.96,20.39
ITEM000383,ORD00885,PROD0089,3,16706.92,17.93
ITEM000384,ORD00956,PROD0462,3,44498.07,17.17
ITEM000385,ORD00298,PROD0350,3,42569.78,28.68
ITEM000386,ORD00422,PROD0406,7,44048.08,49.53
ITEM000387,ORD01115,PROD0043,1,12810.39,27.52
ITEM000388,ORD00338,PROD0233,6,24510.08,16.27
ITEM000389,ORD00765,PROD0562,7,11031.66,17.56
ITEM000390,ORD00836,PROD0109,8,7869.49,34.7
ITEM000391,ORD00386,PROD0001,2,24810.63,45.79
ITEM000392,ORD00628,PROD0248,5,41279.07,27.1
ITEM000393,ORD00198,PROD0196,-1,14859.63,10.35
ITEM000394,ORD00147,PROD0069,2,21153.68,17.88
ITEM000395,ORD00826,PROD0011,5,17224.16,18.75
ITEM000396,ORD00623,PROD0439,8,31797.46,29.67
ITEM000397,ORD01007,PROD0033,6,1648.91,35.03
ITEM000398,ORD00786,PROD0552,7,34460.7,31.01
ITEM000399,ORD00719,PROD0503,7,2029.71,24.37
ITEM000400,ORD00178,PROD0487,2,4239.94,36.21
ITEM000401,ORD00193,PROD0466,6,12144.79,49.2
ITEM000402,ORD00071,PROD0331,8,10906.11,20.53
ITEM000403,ORD00022,PROD0132,1,46783.36,22.22
ITEM000404,ORD01029,PROD0186,7,40085.25,26.78
ITEM000405,ORD00100,PROD0260,8,8778.54,22.59
ITEM000406,ORD00334,PROD0041,6,21393.91,34.34
ITEM000407,ORD00158,PROD0204,4,384.06,38.79
ITEM000408,ORD00362,PROD0386,3,11248.79,43.28
ITEM000409,ORD01196,PROD0506,8,40440.08,47.4
ITEM000410,ORD00238,PROD0104,3,37043.78,47.33
ITEM000411,ORD01153,PROD0025,6,39737.43,21.5
ITEM000412,ORD01076,PROD0378,2,20989.37,1.68
ITEM000413,ORD00894,PROD0571,2,3352.25,13.14
ITEM000414,ORD00733,PROD0487,4,45340.15,43.78
ITEM000415,ORD00248,PROD0025,3,33265.58,22.31
ITEM000416,ORD01119,PROD0383,8,3434.26,39.5
ITEM000417,ORD00380,PROD0597,1,11689.19,7.37
ITEM000418,ORD00273,PROD0401,-1,25558.78,0.61
ITEM000419,ORD01075,PROD0273,1,15236.87,40.57
ITEM000420,ORD00655,PROD0250,4,9514.48,23.74
ITEM000421,ORD00981,PROD0220,7,27696.32,31.35
ITEM000422,ORD00146,PROD0150,3,43073.16,3.4
ITEM000423,ORD01052,PROD0075,4,31384.35,20.68
ITEM000424,ORD00741,PROD0231,7,3077.68,21.59
ITEM000425,ORD00657,PROD0405,-3,19599.73,30.32
ITEM000426,ORD00461,PROD0131,7,32337.44,37.77
ITEM000427,ORD00323,PROD0248,5,24906.96,3.75
ITEM000428,ORD00064,PROD0428,2,35253.27,38.85
ITEM000429,ORD00082,PROD0379,5,23278.9,40.34
ITEM000430,ORD00700,PROD0311,6,45974.41,42.77
ITEM000431,ORD00963,PROD0524,3,23519.47,4.55
ITEM000432,ORD01003,PROD0351,2,12654.49,13.41
ITEM000433,ORD00556,PROD0296,4,15721.28,45.29
ITEM000434,ORD00491,PROD0580,5,9673.14,16.75
ITEM000435,ORD00843,PROD0286,7,33517.26,9.42
ITEM000436,ORD00286,PROD0303,6,35659.79,27.65
ITEM000437,ORD00419,PROD0474,3,5948.82,36.14
ITEM000438,ORD00597,PROD0253,6,9235.58,32.37
ITEM000439,ORD01018,PROD0384,8,35880.37,46.62
ITEM000440,ORD00941,PROD0551,5,30338.59,12.63
ITEM000441,ORD00772,PROD0564,1,3420.67,40.6
ITEM000442,ORD00522,PROD0507,5,25604.81,21.02
ITEM000443,ORD00545,PROD0053,8,29804.06,23.82
ITEM000444,ORD00793,PROD0321,3,6233.54,38.01
ITEM000445,ORD00112,PROD0043,5,5462.34,26.76
ITEM000446,ORD00261,PROD0099,7,10324.15,44.57
ITEM000447,ORD01161,PROD0062,-3,48844.13,35.98
ITEM000448,ORD00583,PROD0441,4,30953.76,28.53
ITEM000449,ORD00547,PROD0566,4,7669.97,27.69
ITEM000450,ORD00649,PROD0226,7,10236.75,30.81
ITEM000451,ORD00329,PROD0094,5,40496.56,6.23
ITEM000452,ORD00505,PROD0417,8,30519.4,44.59
ITEM000453,ORD00452,PROD0287,4,33590.96,21.76
ITEM000454,ORD00792,PROD0457,2,42379.38,20.43
ITEM000455,ORD00910,PROD0454,7,42544.26,37.53
ITEM000456,ORD00048,PROD0555,4,44102.13,24.58
ITEM000457,ORD01074,PROD0351,8,25427.21,19.4
ITEM000458,ORD00906,PROD0211,2,30087.58,34.95
ITEM000459,ORD00774,PROD0173,4,10974.63,17.66
ITEM000460,ORD00562,PROD0255,4,19034.26,43.89
ITEM000461,ORD00050,PROD0577,2,22667.07,40.01
ITEM000462,ORD00797,PROD0586,7,1122.66,21.81
ITEM000463,ORD00913,PROD0435,5,17476.68,13.46
ITEM000464,ORD00533,PROD0491,4,42696.98,32.25
ITEM000465,ORD01088,PROD0201,7,18292.13,38.04
ITEM000466,ORD00185,PROD0163,1,12594.52,26.26
ITEM000467,ORD00523,PROD0464,3,42939.16,13.93
ITEM000468,ORD00381,PROD0235,3,26073.35,11.59
ITEM000469,ORD00189,PROD0054,3,14483.33,23.51
ITEM000470,ORD00867,PROD0172,4,30171.45,3.85
ITEM000471,ORD00208,PROD0276,3,26744.27,38.95
ITEM000472,ORD01134,PROD0378,3,26729.5,9.34
ITEM000473,ORD00018,PROD0334,5,25710.97,1.04
ITEM000474,ORD01034,PROD0059,3,2512.39,7.8
ITEM000475,ORD00271,PROD0248,6,28735.84,13.96
ITEM000476,ORD00504,PROD0466,2,35700.14,8.1
ITEM000477,ORD00087,PROD0069,3,128.61,23.04
ITEM000478,ORD01004,PROD0405,7,44450.76,23.33
ITEM000479,ORD01065,PROD0363,7,37606.4,26.17
ITEM000480,ORD00835,PROD0171,8,6399.37,1.82
ITEM000481,ORD00151,PROD0377,2,30259.35,20.62
ITEM000482,ORD00770,PROD0307,6,24412.36,37.52
ITEM000483,ORD00442,PROD0446,3,22552.03,29.52
ITEM000484,ORD00287,PROD0310,3,917.26,11.35
ITEM000485,ORD00900,PROD0259,8,35673.22,18.58
ITEM000486,ORD00420,PROD0475,1,12343.76,7.28
ITEM000487,ORD00208,PROD0303,6,23307.96,19.33
ITEM000488,ORD00888,PROD0080,6,41072.6,27.58
ITEM000489,ORD00083,PROD0491,6,9754.62,46.1
ITEM000490,ORD00340,PROD0012,3,37242.45,28.08
ITEM000491,ORD00123,PROD0026,6,1304.58,20.17
ITEM000492,ORD00943,PROD0356,5,18461.58,40.06
ITEM000493,ORD01200,PROD0127,8,21727.07,25.7
ITEM000494,ORD01123,PROD0580,3,46654.08,18.9
ITEM000495,ORD00901,PROD0274,4,4750.16,19.19
ITEM000496,ORD00808,PROD0226,5,704.53,6.65
ITEM000497,ORD00857,PROD0583,3,21402.88,28.41
ITEM000498,ORD00432,PROD0001,3,42956.15,13.28
ITEM000499,ORD00989,PROD0068,3,46248.61,24.67
ITEM000500,INVALID_ORDER_500,PROD0471,6,30878.24,48.97
ITEM000501,ORD00961,PROD0265,6,31613.07,16.33
ITEM000502,ORD00319,PROD0533,4,11387.32,1.11
ITEM000503,ORD00990,PROD0279,5,24993.83,36.21
ITEM000504,ORD00829,PROD0053,5,40103.52,12.88
ITEM000505,ORD00304,PROD0569,4,44049.23,12.44
ITEM000506,ORD00314,PROD0101,6,20690.99,19.99
ITEM000507,ORD01161,PROD0340,4,8206.03,24.06
ITEM000508,ORD00136,PROD0322,1,21837.61,40.75
ITEM000509,ORD00316,PROD0425,1,16755.91,18.52
ITEM000510,ORD00631,PROD0242,8,46398.99,19.82
ITEM000511,ORD00439,PROD0416,4,14394.73,30.53
ITEM000512,ORD00338,PROD0345,6,29712.96,42.66
ITEM000513,ORD00207,PROD0085,1,7587.31,21.43
ITEM000514,ORD00190,PROD0156,1,23613.29,1.63
ITEM000515,ORD00597,PROD0376,6,33336.31,4.38
ITEM000516,ORD00339,PROD0318,1,49816.15,4.12
ITEM000517,ORD00081,PROD0001,4,39498.18,44.85
ITEM000518,ORD01005,PROD0111,5,30810.21,26.3
ITEM000519,ORD00583,PROD0142,5,7953.96,38.8
ITEM000520,ORD01055,PROD0099,4,34482.7,1.6
ITEM000521,ORD00694,PROD0167,8,18001.72,25.44
ITEM000522,ORD00602,PROD0411,4,39733.45,42.36
ITEM000523,ORD00669,PROD0216,3,35191.41,1.84
ITEM000524,ORD00121,PROD0121,8,6392.88,36.14
ITEM000525,ORD00579,PROD0341,4,35960.16,21.77
ITEM000526,ORD00252,PROD0566,5,46878.07,10.49
ITEM000527,ORD00970,PROD0035,7,9655.28,3.3
ITEM000528,ORD00065,PROD0259,8,23228.85,48.33
ITEM000529,ORD00663,PROD0461,6,37289.53,35.37
ITEM000530,ORD00645,PROD0581,3,471.19,39.16
ITEM000531,ORD00514,PROD0426,6,7493.57,44.21
ITEM000532,ORD00492,PROD0526,5,45374.61,36.04
ITEM000533,ORD00856,PROD0040,6,35597.12,40.01
ITEM000534,ORD00764,PROD0346,-4,38601.24,48.46
ITEM000535,ORD00414,PROD0217,5,26590.37,44.48
ITEM000536,ORD00403,PROD0446,1,22802.13,35.96
ITEM000537,ORD01121,PROD0298,8,2321.23,16.63
ITEM000538,ORD00835,PROD0065,7,46459.52,45.71
ITEM000539,ORD01172,PROD0237,4,22518.64,15.01
ITEM000540,ORD00080,PROD0235,5,19801.15,0.21
ITEM000541,ORD00470,PROD0042,8,12025.1,0.11
ITEM000542,ORD00098,PROD0078,5,26809.36,44.97
ITEM000543,ORD00854,PROD0017,5,38468.15,33.17
ITEM000544,ORD01018,PROD0595,5,39005.77,42.76
ITEM000545,ORD00797,PROD0575,3,27298.66,10.01
ITEM000546,ORD00880,PROD0082,4,47334.27,1.03
ITEM000547,ORD00266,PROD0265,5,33623.36,20.78
ITEM000548,ORD00874,PROD0209,6,4970.46,46.59
ITEM000549,ORD00634,PROD0556,2,3903.67,7.78
ITEM000550,ORD00249,PROD0004,2,38955.38,39.72
ITEM000551,ORD00554,PROD0184,8,16942.74,25.02
ITEM000552,ORD01095,PROD0477,8,33433.12,13.92
ITEM000553,ORD00171,PROD0365,6,8902.29,40.33
ITEM000554,ORD01117,PROD0257,2,49606.94,8.11
ITEM000555,ORD00701,PROD0165,4,23986.65,46.24
ITEM000556,ORD00720,PROD0031,7,39654.0,21.62
ITEM000557,ORD01050,PROD0413,4,31091.65,24.17
ITEM000558,ORD00138,PROD0233,8,27917.14,22.89
ITEM000559,ORD00660,PROD0378,1,1915.34,9.4
ITEM000560,ORD01170,PROD0364,-3,32470.97,20.78
ITEM000561,ORD00016,PROD0323,2,6790.57,4.8
ITEM000562,ORD01067,PROD0575,3,23724.15,27.68
ITEM000563,ORD01130,PROD0349,1,39328.7,31.9
ITEM000564,ORD00504,PROD0320,7,14743.22,42.93
ITEM000565,ORD00113,PROD0308,3,34825.75,40.78
ITEM000566,ORD00314,PROD0288,7,49067.38,48.76
ITEM000567,ORD00746,PROD0077,5,20402.86,1.31
ITEM000568,ORD00584,PROD0336,2,43488.29,46.57
ITEM000569,ORD00206,PROD0372,5,38423.14,15.92
ITEM000570,ORD00254,PROD0188,2,11652.82,13.83
ITEM000571,ORD01127,PROD0555,2,40597.7,27.45
ITEM000572,ORD01183,PROD0560,5,5111.74,20.18
ITEM000573,ORD00084,PROD0320,7,4739.08,16.66
ITEM000574,ORD00107,PROD0141,1,5430.75,23.85
ITEM000575,ORD00961,PROD0370,2,13287.68,29.54
ITEM000576,ORD01150,PROD0254,3,9337.95,45.91
ITEM000577,ORD00213,PROD0018,3,8551.54,47.86
ITEM000578,ORD01044,PROD0245,1,34102.42,43.75
ITEM000579,ORD01182,PROD0193,4,3062.65,10.55
ITEM000580,ORD00796,PROD0198,5,17278.97,20.23
ITEM000581,ORD00843,PROD0593,4,30857.6,44.48
ITEM000582,ORD00861,PROD0262,8,172.49,5.73
ITEM000583,ORD00392,PROD0260,3,40740.87,29.01
ITEM000584,ORD00510,PROD0136,4,49907.43,37.24
ITEM000585,ORD00148,PROD0405,4,13899.8,5.63
ITEM000586,ORD00006,PROD0216,1,20726.46,17.07
ITEM000587,ORD00916,PROD0148,2,43453.18,16.26
ITEM000588,ORD00842,PROD0388,5,22226.25,10.08
ITEM000589,ORD00299,PROD0212,4,43510.56,42.91
ITEM000590,ORD00498,PROD0502,5,21928.8,12.61
ITEM000591,ORD00888,PROD0475,1,37441.38,26.21
ITEM000592,ORD00418,PROD0424,5,7120.82,13.97
ITEM000593,ORD00873,PROD0015,2,29365.57,17.39
ITEM000594,ORD00460,PROD0461,5,41989.45,48.18
ITEM000595,ORD00553,PROD0165,8,45249.85,0.86
ITEM000596,ORD00481,PROD0498,3,5580.24,36.06
ITEM000597,ORD01070,PROD0261,5,43113.92,25.82
ITEM000598,ORD00636,PROD0414,-5,47861.99,5.36
ITEM000599,ORD00580,PROD0259,3,31413.21,48.87
ITEM000600,ORD00007,PROD0153,6,38447.81,38.48
ITEM000601,ORD00860,PROD0582,8,9751.61,5.42
ITEM000602,ORD00628,PROD0436,5,29351.0,31.44
ITEM000603,ORD01158,PROD0578,7,23645.54,9.81
ITEM000604,ORD00502,PROD0333,6,17908.34,37.95
ITEM000605,ORD01091,PROD0342,7,47879.34,0.82
ITEM000606,ORD00157,PROD0106,3,11642.09,43.33
ITEM000607,ORD00420,PROD0479,2,5220.5,49.49
ITEM000608,ORD01124,PROD0452,4,36927.42,10.92
ITEM000609,ORD00199,PROD0038,7,6101.85,14.02
ITEM000610,ORD00922,PROD0215,4,30627.52,4.68
ITEM000611,ORD00513,PROD0550,4,2304.11,34.45
ITEM000612,ORD01109,PROD0172,1,46318.79,24.48
ITEM000613,ORD00444,PROD0422,2,4526.64,29.14
ITEM000614,ORD01179,PROD0285,-3,46739.28,37.67
ITEM000615,ORD01140,PROD0169,-1,49037.17,28.59
ITEM000616,ORD00564,PROD0198,3,11787.56,2.26
ITEM000617,ORD00368,PROD0201,4,6718.15,23.04
ITEM000618,ORD00921,PROD0232,1,5982.02,45.61
ITEM000619,ORD00419,PROD0376,5,41753.85,21.59
ITEM000620,ORD00130,PROD0163,1,8651.62,1.76
ITEM000621,ORD00359,PROD0431,3,10668.08,7.69
ITEM000622,ORD00223,PROD0446,3,13380.39,26.01
ITEM000623,ORD01137,PROD0544,6,44330.77,7.87
ITEM000624,ORD01092,PROD0581,8,21301.83,30.55
ITEM000625,ORD00912,PROD0286,4,46318.03,39.92
ITEM000626,ORD00042,PROD0201,7,38650.65,23.24
ITEM000627,ORD00187,PROD0596,3,45051.46,11.49
ITEM000628,ORD01093,PROD0116,7,45475.72,29.03
ITEM000629,ORD00277,PROD0055,4,39967.25,12.02
ITEM000630,ORD00104,PROD0521,2,12150.59,27.61
ITEM000631,ORD00695,PROD0538,5,13130.9,27.45
ITEM000632,ORD00366,PROD0046,4,7071.65,39.5
ITEM000633,ORD00184,PROD0531,8,3664.62,36.05
ITEM000634,ORD01120,PROD0083,6,23098.87,34.07
ITEM000635,ORD00692,PROD0031,1,39024.37,38.77
ITEM000636,ORD00050,PROD0032,3,37902.17,40.4
ITEM000637,ORD01200,PROD0084,4,24090.92,40.27
ITEM000638,ORD00900,PROD0552,1,39394.54,37.42
ITEM000639,ORD00053,PROD0154,6,19014.35,5.76
ITEM000640,ORD01033,PROD0297,5,8047.8,27.29
ITEM000641,ORD00303,PROD0591,5,24607.84,45.51
ITEM000642,ORD00157,PROD0155,5,25120.63,39.42
ITEM000643,ORD00644,PROD0389,7,23418.91,2.21
ITEM000644,ORD00101,PROD0003,4,18957.0,31.83
ITEM000645,ORD00182,PROD0371,5,26548.76,20.26
ITEM000646,ORD01154,PROD0126,3,39905.24,25.58
ITEM000647,ORD00659,PROD0379,6,15575.31,8.51
ITEM000648,ORD01182,PROD0385,1,31288.34,2.65
ITEM000649,ORD00426,PROD0247,8,30942.75,39.33
ITEM000650,ORD00035,PROD0539,2,3129.52,40.1
ITEM000651,ORD00251,PROD0402,2,44521.23,45.76
ITEM000652,ORD00011,PROD0268,5,48111.39,32.19
ITEM000653,ORD01122,PROD0486,4,25831.6,18.9
ITEM000654,ORD00385,PROD0542,7,13463.19,7.74
ITEM000655,ORD00135,PROD0145,5,36326.88,26.09
ITEM000656,ORD00630,PROD0418,1,12211.54,20.99
ITEM000657,ORD00268,PROD0378,7,10772.33,15.48
ITEM000658,ORD00516,PROD0085,1,41119.64,14.58
ITEM000659,ORD00799,PROD0161,6,37907.13,43.31
ITEM000660,ORD00087,PROD0192,4,36084.09,18.45
ITEM000661,ORD01114,PROD0192,1,33466.35,23.49
ITEM000662,ORD00631,PROD0422,5,25697.71,48.0
ITEM000663,ORD01087,PROD0518,1,38624.64,36.54
ITEM000664,ORD00755,PROD0248,3,41537.74,13.77
ITEM000665,ORD00275,PROD0477,1,33716.52,17.0
ITEM000666,ORD00594,PROD0059,5,12016.97,45.82
ITEM000667,ORD00428,PROD0364,5,29397.37,44.17
ITEM000668,ORD00251,PROD0405,3,40316.8,4.5
ITEM000669,ORD00932,PROD0539,2,27264.46,30.32
ITEM000670,ORD00407,PROD0247,4,24679.79,6.74
ITEM000671,ORD00662,PROD0232,7,42755.2,36.17
ITEM000672,ORD00172,PROD0518,6,49571.96,4.77
ITEM000673,ORD01026,PROD0417,1,632.53,9.24
ITEM000674,ORD00055,PROD0031,6,38953.79,5.6
ITEM000675,ORD00262,PROD0537,4,34451.0,16.69
ITEM000676,ORD01019,PROD0271,2,48022.39,45.4
ITEM000677,ORD00007,PROD0219,6,6782.92,2.9
ITEM000678,ORD00638,PROD0073,5,5531.92,14.61
ITEM000679,ORD00474,PROD0407,6,41919.45,29.33
ITEM000680,ORD00835,PROD0200,3,47085.85,30.33
ITEM000681,ORD01036,PROD0152,8,13823.48,16.88
ITEM000682,ORD00158,PROD0095,1,34801.31,42.86
ITEM000683,ORD00603,PROD0134,7,47039.32,2.14
ITEM000684,ORD00752,PROD0022,6,11958.67,46.78
ITEM000685,ORD00878,PROD0446,1,26015.03,4.8
ITEM000686,ORD00264,PROD0437,1,46948.38,47.19
ITEM000687,ORD00114,PROD0533,6,19590.43,44.23
ITEM000688,ORD00182,PROD0028,8,3726.7,47.02
ITEM000689,ORD00436,PROD0103,4,12775.94,17.03
ITEM000690,ORD00107,PROD0441,3,21868.4,5.44
ITEM000691,ORD00994,PROD0435,3,31096.82,49.2
ITEM000692,ORD00541,PROD0298,1,5879.85,15.2
ITEM000693,ORD01136,PROD0006,8,39034.14,17.13
ITEM000694,ORD00487,PROD0489,3,20432.12,10.6
ITEM000695,ORD00767,PROD0128,6,22631.54,34.7
ITEM000696,ORD00098,PROD0520,2,40184.0,14.29
ITEM000697,ORD00373,PROD0017,8,49595.52,29.14
ITEM000698,ORD00340,PROD0413,7,38354.76,28.64
ITEM000699,ORD00770,PROD0304,8,4573.77,26.11
ITEM000700,ORD00298,PROD0549,7,31875.17,28.44
ITEM000701,ORD00301,PROD0339,5,1161.54,25.02
ITEM000702,ORD00635,PROD0584,4,47669.1,44.53
ITEM000703,ORD00222,PROD0190,4,14792.14,7.06
ITEM000704,ORD00881,PROD0414,1,20450.17,34.98
ITEM000705,ORD01143,PROD0485,2,22913.36,20.89
ITEM000706,ORD00063,PROD0453,4,15544.14,47.15
ITEM000707,ORD00468,PROD0533,6,33540.31,30.12
ITEM000708,ORD00741,PROD0250,3,32897.23,28.06
ITEM000709,ORD00036,PROD0292,6,48005.02,44.36
ITEM000710,ORD00242,PROD0146,7,17132.85,27.46
ITEM000711,ORD00302,PROD0416,6,27270.57,7.33
ITEM000712,ORD00545,PROD0096,7,28688.37,17.24
ITEM000713,ORD00150,PROD0222,-4,40456.23,4.91
ITEM000714,ORD00299,PROD0195,6,28618.2,49.02
ITEM000715,ORD00247,PROD0258,5,19993.66,7.45
ITEM000716,ORD00637,PROD0522,1,42746.38,41.63
ITEM000717,ORD00337,PROD0490,1,425.02,42.61
ITEM000718,ORD00890,PROD0401,7,3223.99,2.76
ITEM000719,ORD00793,PROD0516,2,33448.92,40.72
ITEM000720,ORD00686,PROD0027,2,18822.05,2.8
ITEM000721,ORD00572,PROD0083,2,42906.06,16.07
ITEM000722,ORD00929,PROD0418,4,43604.85,47.47
ITEM000723,ORD00843,PROD0148,6,11103.49,13.99
ITEM000724,ORD00035,PROD0508,5,19597.82,2.91
ITEM000725,ORD00920,PROD0144,7,33602.53,29.82
ITEM000726,ORD00706,PROD0020,2,37318.56,24.6
ITEM000727,ORD00972,PROD0394,3,28314.53,46.62
ITEM000728,ORD00137,PROD0270,-5,33764.16,13.14
ITEM000729,ORD00400,PROD0204,4,4550.42,6.63
ITEM000730,ORD00644,PROD0367,3,10210.67,45.79
ITEM000731,ORD00822,PROD0112,2,23266.33,10.25
ITEM000732,ORD00337,PROD0105,3,123.18,5.63
ITEM000733,ORD00865,PROD0244,6,6704.58,24.79
ITEM000734,ORD01175,PROD0354,4,10990.86,3.72
ITEM000735,ORD01117,PROD0304,1,36326.73,8.43
ITEM000736,ORD01186,PROD0331,7,14771.42,2.15
ITEM000737,ORD00194,PROD0442,1,11901.72,10.24
ITEM000738,ORD00513,PROD0105,2,46391.43,45.25
ITEM000739,ORD01024,PROD0526,3,3851.41,41.7
ITEM000740,ORD00189,PROD0504,3,5206.66,9.67
ITEM000741,ORD01064,PROD0430,6,36753.94,24.57
ITEM000742,ORD00897,PROD0240,4,43749.19,26.97
ITEM000743,ORD00236,PROD0528,6,20480.42,16.92
ITEM000744,ORD01173,PROD0461,1,24692.02,35.14
ITEM000745,ORD01116,PROD0439,2,22733.33,35.01
ITEM000746,ORD00825,PROD0509,7,25962.04,40.38
ITEM000747,ORD00032,PROD0374,7,27076.97,4.22
ITEM000748,ORD00351,PROD0185,6,16461.74,7.96
ITEM000749,ORD00806,PROD0375,-3,26999.82,22.36
ITEM000750,INVALID_ORDER_750,PROD0272,3,36651.23,26.14
ITEM000751,ORD00357,PROD0075,3,16436.89,19.9
ITEM000752,ORD00936,PROD0041,5,11837.44,31.17
ITEM000753,ORD01110,PROD0296,1,47659.04,6.34
ITEM000754,ORD00078,PROD0339,4,33149.45,27.11
ITEM000755,ORD00514,PROD0520,3,14977.05,30.28
ITEM000756,ORD01049,PROD0567,2,14249.94,22.59
ITEM000757,ORD01118,PROD0520,1,34794.49,22.07
ITEM000758,ORD00732,PROD0184,7,22434.2,23.88
ITEM000759,ORD01105,PROD0192,-5,22655.12,19.02
ITEM000760,ORD00160,PROD0066,8,24795.42,26.61
ITEM000761,ORD00788,PROD0555,7,25339.69,35.93
ITEM000762,ORD00316,PROD0133,4,24745.97,37.49
ITEM000763,ORD01090,PROD0326,1,19989.82,9.31
ITEM000764,ORD00487,PROD0378,5,44162.72,33.18
ITEM000765,ORD00739,PROD0400,6,34312.06,28.46
ITEM000766,ORD00063,PROD0128,3,38941.12,17.13
ITEM000767,ORD00768,PROD0275,7,23088.22,19.7
ITEM000768,ORD00288,PROD0362,5,9365.88,12.33
ITEM000769,ORD00273,PROD0546,5,39497.8,41.52
ITEM000770,ORD00456,PROD0200,2,17075.28,8.22
ITEM000771,ORD00164,PROD0336,6,36148.8,46.61
ITEM000772,ORD00365,PROD0352,3,20242.21,29.46
ITEM000773,ORD00456,PROD0352,6,5200.81,43.02
ITEM000774,ORD01034,PROD0109,7,18524.65,1.28
ITEM000775,ORD01003,PROD0532,7,47483.9,27.93
ITEM000776,ORD00033,PROD0329,5,41260.61,11.21
ITEM000777,ORD00398,PROD0314,2,43899.73,44.69
ITEM000778,ORD01182,PROD0077,2,45702.63,29.95
ITEM000779,ORD00338,PROD0049,6,29140.65,13.46
ITEM000780,ORD00078,PROD0089,4,19787.08,4.41
ITEM000781,ORD00602,PROD0465,6,10194.63,10.83
ITEM000782,ORD00356,PROD0375,4,40895.19,23.79
ITEM000783,ORD01075,PROD0100,7,22421.61,15.87
ITEM000784,ORD00033,PROD0273,3,34886.58,32.17
ITEM000785,ORD00224,PROD0291,2,1856.09,17.69
ITEM000786,ORD00936,PROD0393,2,34834.34,26.19
ITEM000787,ORD01150,PROD0062,3,37912.46,0.34
ITEM000788,ORD00740,PROD0133,6,20169.46,44.51
ITEM000789,ORD00678,PROD0571,7,20862.55,47.78
ITEM000790,ORD01196,PROD0519,8,26991.85,13.98
ITEM000791,ORD00344,PROD0142,6,25559.4,49.16
ITEM000792,ORD00573,PROD0555,7,48230.32,39.83
ITEM000793,ORD00650,PROD0295,3,15296.63,30.72
ITEM000794,ORD00244,PROD0085,7,49270.77,1.27
ITEM000795,ORD00013,PROD0041,5,18687.93,11.48
ITEM000796,ORD00476,PROD0075,3,32168.26,41.29
ITEM000797,ORD00238,PROD0334,2,10496.36,16.2
ITEM000798,ORD00985,PROD0035,7,27821.75,9.11
ITEM000799,ORD00206,PROD0291,7,19352.7,31.0
ITEM000800,ORD01005,PROD0148,4,21211.31,44.94
ITEM000801,ORD00904,PROD0300,3,37370.32,6.49
ITEM000802,ORD01056,PROD0172,5,10536.63,47.93
ITEM000803,ORD01077,PROD0224,3,35407.53,40.39
ITEM000804,ORD00217,PROD0137,2,6402.14,30.33
ITEM000805,ORD00015,PROD0313,1,18920.1,0.41
ITEM000806,ORD00185,PROD0533,5,24527.94,10.2
ITEM000807,ORD01133,PROD0475,3,38370.06,20.2
ITEM000808,ORD00179,PROD0467,3,45002.6,24.0
ITEM000809,ORD00658,PROD0267,6,28145.86,13.28
ITEM000810,ORD00278,PROD0389,1,16339.17,30.93
ITEM000811,ORD01047,PROD0465,4,36504.86,19.62
ITEM000812,ORD01126,PROD0187,2,32306.47,8.78
ITEM000813,ORD00937,PROD0221,4,46297.17,32.77
ITEM000814,ORD00382,PROD0030,3,7844.06,47.76
ITEM000815,ORD00439,PROD0422,2,36666.98,39.97
ITEM000816,ORD01199,PROD0078,4,27701.51,7.19
ITEM000817,ORD00342,PROD0333,4,39488.65,42.78
ITEM000818,ORD01107,PROD0209,5,13412.24,6.11
ITEM000819,ORD00949,PROD0505,7,14563.16,47.09
ITEM000820,ORD01170,PROD0341,5,28922.69,47.65
ITEM000821,ORD01021,PROD0120,8,30220.01,42.4
ITEM000822,ORD01193,PROD0450,-5,8799.1,3.49
ITEM000823,ORD00114,PROD0340,8,38011.31,45.53
ITEM000824,ORD00231,PROD0220,6,6999.94,47.56
ITEM000825,ORD01063,PROD0249,1,40634.81,37.64
ITEM000826,ORD00202,PROD0138,7,36487.23,36.31
ITEM000827,ORD00112,PROD0562,1,44180.24,13.27
ITEM000828,ORD01136,PROD0501,8,25979.34,25.3
ITEM000829,ORD01166,PROD0449,4,34696.65,36.1
ITEM000830,ORD00763,PROD0527,4,31907.61,19.72
ITEM000831,ORD00125,PROD0042,5,48901.69,11.81
ITEM000832,ORD00795,PROD0084,6,5563.09,3.32
ITEM000833,ORD00334,PROD0216,2,1239.74,7.46
ITEM000834,ORD01183,PROD0172,6,33234.02,4.62
ITEM000835,ORD00408,PROD0490,4,2928.76,41.16
ITEM000836,ORD00011,PROD0591,8,4224.13,34.34
ITEM000837,ORD01024,PROD0096,2,7344.68,2.42
ITEM000838,ORD00310,PROD0156,3,5992.15,34.34
ITEM000839,ORD00943,PROD0420,3,2769.82,30.29
ITEM000840,ORD00183,PROD0119,7,5314.83,45.66
ITEM000841,ORD00086,PROD0124,1,22379.9,36.15
ITEM000842,ORD01084,PROD0449,4,46281.6,37.34
ITEM000843,ORD00439,PROD0038,4,21629.28,16.87
ITEM000844,ORD01099,PROD0014,8,32566.26,33.26
ITEM000845,ORD00618,PROD0534,5,8889.24,4.51
ITEM000846,ORD00047,PROD0572,3,46104.26,42.99
ITEM000847,ORD01181,PROD0335,3,29856.53,18.78
ITEM000848,ORD00036,PROD0199,6,49728.9,17.5
ITEM000849,ORD00780,PROD0068,1,40287.57,10.73
ITEM000850,ORD01166,PROD0354,8,41192.33,38.82
ITEM000851,ORD00469,PROD0465,5,9618.75,46.76
ITEM000852,ORD01126,PROD0335,7,15416.56,46.2
ITEM000853,ORD00435,PROD0028,2,44416.3,38.93
ITEM000854,ORD00053,PROD0145,1,21180.74,18.09
ITEM000855,ORD00332,PROD0491,8,13968.75,8.32
ITEM000856,ORD00126,PROD0454,2,21617.97,43.1
ITEM000857,ORD00046,PROD0423,3,43014.54,26.55
ITEM000858,ORD00220,PROD0351,3,41405.61,34.22
ITEM000859,ORD00016,PROD0228,5,1715.91,2.93
ITEM000860,ORD00035,PROD0372,7,47833.79,28.22
ITEM000861,ORD00925,PROD0378,5,31183.03,18.54
ITEM000862,ORD00713,PROD0381,3,47293.93,12.56
ITEM000863,ORD00218,PROD0141,5,23141.12,0.14
ITEM000864,ORD00091,PROD0569,2,39883.23,25.71
ITEM000865,ORD00080,PROD0213,-4,27736.78,5.02
ITEM000866,ORD00817,PROD0283,2,24500.31,21.19
ITEM000867,ORD00088,PROD0558,-1,40635.57,33.51
ITEM000868,ORD00918,PROD0110,1,43434.79,5.41
ITEM000869,ORD00702,PROD0063,4,25467.32,20.43
ITEM000870,ORD00209,PROD0253,4,16673.75,48.44
ITEM000871,ORD00590,PROD0370,5,24652.45,9.97
ITEM000872,ORD00821,PROD0180,4,1337.03,28.26
ITEM000873,ORD00373,PROD0358,6,22396.31,35.17
ITEM000874,ORD00520,PROD0509,-1,28106.77,16.69
ITEM000875,ORD00411,PROD0413,8,46106.27,41.92
ITEM000876,ORD00807,PROD0448,2,17726.36,3.2
ITEM000877,ORD00493,PROD0142,8,1047.13,2.88
ITEM000878,ORD00545,PROD0413,2,15599.0,16.52
ITEM000879,ORD00052,PROD0070,1,22401.88,24.28
ITEM000880,ORD00958,PROD0128,1,1080.43,32.76
ITEM000881,ORD01200,PROD0242,2,41045.32,28.15
ITEM000882,ORD00553,PROD0588,-2,33418.71,35.39
ITEM000883,ORD00649,PROD0177,1,40410.81,14.88
ITEM000884,ORD01018,PROD0405,8,31980.19,32.4
ITEM000885,ORD00407,PROD0475,2,40701.9,19.11
ITEM000886,ORD01140,PROD0300,7,47777.06,7.42
ITEM000887,ORD00994,PROD0294,8,24046.6,13.31
ITEM000888,ORD00478,PROD0179,7,9232.47,36.85
ITEM000889,ORD01056,PROD0297,2,49783.96,22.3
ITEM000890,ORD00031,PROD0069,5,8340.62,21.54
ITEM000891,ORD00286,PROD0027,1,25827.01,40.99
ITEM000892,ORD01108,PROD0176,7,2840.63,7.92
ITEM000893,ORD00057,PROD0266,2,11837.02,34.22
ITEM000894,ORD01171,PROD0526,8,45051.54,44.87
ITEM000895,ORD00172,PROD0456,5,46397.39,25.41
ITEM000896,ORD00145,PROD0560,5,15275.29,6.91
ITEM000897,ORD00247,PROD0463,6,26145.12,36.87
ITEM000898,ORD00478,PROD0585,6,21939.63,0.58
ITEM000899,ORD00354,PROD0064,5,27050.74,20.94
ITEM000900,ORD00656,PROD0485,3,42121.73,19.01
ITEM000901,ORD00175,PROD0307,2,38254.02,33.4
ITEM000902,ORD00324,PROD0524,5,39594.02,30.0
ITEM000903,ORD00868,PROD0574,3,23221.62,37.61
ITEM000904,ORD01185,PROD0489,1,13430.01,29.44
ITEM000905,ORD00470,PROD0121,2,39526.82,21.18
ITEM000906,ORD00727,PROD0438,4,8933.76,14.21
ITEM000907,ORD01133,PROD0572,7,17766.72,38.95
ITEM000908,ORD00943,PROD0595,7,9168.09,32.0
ITEM000909,ORD00864,PROD0290,7,19248.16,12.43
ITEM000910,ORD00543,PROD0440,-4,25633.86,7.58
ITEM000911,ORD00910,PROD0012,6,5200.26,7.12
ITEM000912,ORD00729,PROD0594,7,13833.34,27.34
ITEM000913,ORD00001,PROD0515,4,13369.32,20.01
ITEM000914,ORD01028,PROD0234,7,6959.22,12.93
ITEM000915,ORD00983,PROD0155,8,30136.93,3.41
ITEM000916,ORD00046,PROD0065,2,10801.14,41.48
ITEM000917,ORD00509,PROD0367,3,49929.09,43.66
ITEM000918,ORD00835,PROD0111,8,36013.75,44.72
ITEM000919,ORD00700,PROD0192,1,45925.7,16.06
ITEM000920,ORD01047,PROD0097,1,45509.49,18.02
ITEM000921,ORD00571,PROD0310,5,6316.01,4.87
ITEM000922,ORD00652,PROD0033,5,13752.64,39.38
ITEM000923,ORD00853,PROD0412,8,37804.71,24.21
ITEM000924,ORD00134,PROD0529,5,29767.9,28.66
ITEM000925,ORD01120,PROD0043,1,43328.31,23.09
ITEM000926,ORD01129,PROD0149,2,22198.26,20.68
ITEM000927,ORD00215,PROD0232,3,45963.92,31.33
ITEM000928,ORD00543,PROD0560,4,34974.15,29.09
ITEM000929,ORD01126,PROD0451,7,28404.35,34.43
ITEM000930,ORD00185,PROD0336,5,48946.92,40.18
ITEM000931,ORD00101,PROD0114,3,36146.84,33.98
ITEM000932,ORD00120,PROD0490,4,34879.85,19.07
ITEM000933,ORD00092,PROD0360,8,4022.46,34.14
ITEM000934,ORD00127,PROD0233,7,10436.36,15.72
ITEM000935,ORD00842,PROD0129,5,16449.93,29.97
ITEM000936,ORD00777,PROD0498,-1,29746.46,32.57
ITEM000937,ORD00617,PROD0140,5,9028.48,14.67
ITEM000938,ORD00771,PROD0385,5,39297.3,37.03
ITEM000939,ORD01141,PROD0446,7,2595.12,39.46
ITEM000940,ORD00537,PROD0166,-3,15805.91,43.26
ITEM000941,ORD01004,PROD0454,1,28603.39,39.13
ITEM000942,ORD00632,PROD0327,4,39084.85,40.26
ITEM000943,ORD00060,PROD0436,6,12978.62,20.22
ITEM000944,ORD00781,PROD0134,3,38544.19,16.83
ITEM000945,ORD00593,PROD0056,6,30222.16,17.35
ITEM000946,ORD00110,PROD0010,7,8097.18,9.34
ITEM000947,ORD00359,PROD0156,8,21466.28,44.07
ITEM000948,ORD00971,PROD0319,6,30702.33,19.51
ITEM000949,ORD00213,PROD0081,2,4705.78,45.54
ITEM000950,ORD01031,PROD0258,7,49669.34,0.31
ITEM000951,ORD01100,PROD0016,7,24111.9,24.73
ITEM000952,ORD01145,PROD0131,2,8727.17,29.78
ITEM000953,ORD00734,PROD0455,1,46556.17,13.66
ITEM000954,ORD00277,PROD0419,3,31965.84,21.25
ITEM000955,ORD00302,PROD0114,1,10274.16,12.56
ITEM000956,ORD00981,PROD0351,6,34852.07,36.47
ITEM000957,ORD01091,PROD0050,6,48687.78,31.78
ITEM000958,ORD00755,PROD0272,3,15557.17,6.17
ITEM000959,ORD01142,PROD0239,5,18165.26,37.62
ITEM000960,ORD00550,PROD0049,7,12797.79,32.64
ITEM000961,ORD00585,PROD0479,3,43506.53,42.28
ITEM000962,ORD00158,PROD0115,4,7792.78,35.65
ITEM000963,ORD00917,PROD0293,8,34140.39,31.04
ITEM000964,ORD00174,PROD0462,7,38231.45,12.14
ITEM000965,ORD00602,PROD0171,1,9662.25,41.63
ITEM000966,ORD01104,PROD0389,2,44897.19,17.68
ITEM000967,ORD00026,PROD0556,2,30376.35,19.35
ITEM000968,ORD00506,PROD0043,4,1756.69,30.44
ITEM000969,ORD00471,PROD0333,3,13411.59,44.69
ITEM000970,ORD00678,PROD0236,1,1884.62,46.04
ITEM000971,ORD00213,PROD0528,7,22083.03,25.26
ITEM000972,ORD01054,PROD0069,6,49446.04,13.94
ITEM000973,ORD00521,PROD0369,7,2769.01,26.59
ITEM000974,ORD01096,PROD0371,8,30178.09,10.87
ITEM000975,ORD01132,PROD0110,-3,12122.09,29.79
ITEM000976,ORD00302,PROD0550,5,43719.26,36.77
ITEM000977,ORD01164,PROD0594,3,44251.48,38.22
ITEM000978,ORD00125,PROD0314,6,24113.92,35.15
ITEM000979,ORD00982,PROD0108,8,34083.08,12.69
ITEM000980,ORD00477,PROD0038,7,35552.58,8.75
ITEM000981,ORD00271,PROD0209,4,29660.41,8.14
ITEM000982,ORD00483,PROD0244,2,7632.3,5.64
ITEM000983,ORD01126,PROD0512,3,47190.7,28.33
ITEM000984,ORD00354,PROD0530,1,35613.37,27.85
ITEM000985,ORD00435,PROD0172,1,40829.1,0.75
ITEM000986,ORD00472,PROD0180,1,3245.24,26.1
ITEM000987,ORD00945,PROD0445,1,45511.03,25.4
ITEM000988,ORD01144,PROD0493,2,659.08,4.18
ITEM000989,ORD00606,PROD0194,2,14509.32,45.86
ITEM000990,ORD00482,PROD0567,6,32528.79,32.06
ITEM000991,ORD00175,PROD0523,8,13890.54,39.15
ITEM000992,ORD01128,PROD0142,5,20492.54,49.12
ITEM000993,ORD00648,PROD0101,4,36693.43,49.73
ITEM000994,ORD00937,PROD0414,1,18565.91,40.78
ITEM000995,ORD00675,PROD0389,2,16637.23,45.15
ITEM000996,ORD00095,PROD0447,7,21161.88,4.6
ITEM000997,ORD00027,PROD0403,5,43388.44,35.45
ITEM000998,ORD00461,PROD0289,-4,27128.53,5.03
ITEM000999,ORD00551,PROD0481,1,18427.48,28.08
ITEM001000,INVALID_ORDER_1000,PROD0441,4,14780.63,7.04
ITEM001001,ORD01095,PROD0582,7,8049.35,30.35
ITEM001002,ORD00032,PROD0541,7,27945.7,26.0
ITEM001003,ORD01159,PROD0122,8,39101.31,3.63
ITEM001004,ORD00063,PROD0380,7,9112.44,22.68
ITEM001005,ORD00159,PROD0584,7,1266.34,29.74
ITEM001006,ORD00260,PROD0023,3,21637.49,35.08
ITEM001007,ORD00735,PROD0466,3,19069.01,15.14
ITEM001008,ORD00162,PROD0567,6,46732.76,47.04
ITEM001009,ORD00945,PROD0370,6,48578.62,5.89
ITEM001010,ORD00997,PROD0468,2,33581.11,6.9
ITEM001011,ORD00608,PROD0395,2,4918.94,33.65
ITEM001012,ORD01130,PROD0149,7,47004.27,21.79
ITEM001013,ORD00363,PROD0167,8,16779.94,29.38
ITEM001014,ORD00921,PROD0055,5,36078.2,18.32
ITEM001015,ORD00271,PROD0108,6,34082.66,18.64
ITEM001016,ORD00093,PROD0327,3,244.02,28.9
ITEM001017,ORD00259,PROD0376,1,35544.3,0.9
ITEM001018,ORD00102,PROD0065,4,46274.5,44.92
ITEM001019,ORD00840,PROD0282,8,8666.69,41.36
ITEM001020,ORD00571,PROD0482,3,45985.16,30.55
ITEM001021,ORD00574,PROD0006,8,26056.52,47.27
ITEM001022,ORD01059,PROD0188,5,35882.13,12.02
ITEM001023,ORD00280,PROD0430,6,411.73,3.3
ITEM001024,ORD00720,PROD0576,1,4664.19,28.72
ITEM001025,ORD00003,PROD0183,2,49054.64,32.85
ITEM001026,ORD00646,PROD0191,1,37219.02,11.37
ITEM001027,ORD00903,PROD0055,3,10060.52,1.64
ITEM001028,ORD00146,PROD0441,1,329.71,24.19
ITEM001029,ORD00178,PROD0517,5,28132.54,16.36
ITEM001030,ORD00601,PROD0233,3,39892.69,26.1
ITEM001031,ORD00847,PROD0569,7,17296.23,29.76
ITEM001032,ORD00572,PROD0484,7,41832.99,4.4
ITEM001033,ORD01055,PROD0145,4,40258.2,40.55
ITEM001034,ORD00170,PROD0219,2,1872.53,16.61
ITEM001035,ORD00315,PROD0361,7,11166.77,9.16
ITEM001036,ORD00960,PROD0304,6,21948.73,26.2
ITEM001037,ORD00496,PROD0346,3,21091.78,3.02
ITEM001038,ORD00560,PROD0559,7,22445.45,29.41
ITEM001039,ORD00449,PROD0258,4,27403.41,48.38
ITEM001040,ORD00652,PROD0234,5,20354.02,6.89
ITEM001041,ORD00098,PROD0339,8,40833.59,46.35
ITEM001042,ORD00103,PROD0403,6,17686.72,18.21
ITEM001043,ORD00814,PROD0164,3,36486.41,0.49
ITEM001044,ORD00070,PROD0554,6,5446.29,24.67
ITEM001045,ORD00634,PROD0029,2,44485.21,4.99
ITEM001046,ORD00171,PROD0103,7,4828.26,49.31
ITEM001047,ORD00040,PROD0146,5,35237.56,22.26
ITEM001048,ORD00797,PROD0056,3,8492.69,1.19
ITEM001049,ORD00760,PROD0240,5,34961.77,4.16
ITEM001050,ORD00363,PROD0001,3,9193.82,45.06
ITEM001051,ORD01159,PROD0366,1,627.73,43.0
ITEM001052,ORD00104,PROD0081,6,10808.48,35.97
ITEM001053,ORD00375,PROD0356,5,22063.71,44.53
ITEM001054,ORD00696,PROD0033,1,47797.5,24.62
ITEM001055,ORD00908,PROD0196,8,29788.53,2.48
ITEM001056,ORD00725,PROD0375,4,33354.71,41.46
ITEM001057,ORD00099,PROD0010,5,47873.89,31.1
ITEM001058,ORD00623,PROD0013,2,249.91,17.41
ITEM001059,ORD00065,PROD0220,5,3314.03,27.14
ITEM001060,ORD00193,PROD0227,6,44036.96,30.83
ITEM001061,ORD00357,PROD0559,4,45474.2,34.3
ITEM001062,ORD00698,PROD0151,7,3626.02,2.97
ITEM001063,ORD00998,PROD0584,1,32241.85,19.89
ITEM001064,ORD00878,PROD0561,7,35884.73,23.88
ITEM001065,ORD00091,PROD0248,5,34749.97,6.27
ITEM001066,ORD00447,PROD0199,5,15407.16,34.94
ITEM001067,ORD00768,PROD0231,-4,24589.75,18.85
ITEM001068,ORD00322,PROD0343,4,8117.94,17.4
ITEM001069,ORD00023,PROD0075,7,15723.87,6.5
ITEM001070,ORD00802,PROD0189,8,26908.22,9.19
ITEM001071,ORD00126,PROD0192,3,11019.87,11.07
ITEM001072,ORD00678,PROD0098,1,28608.75,32.16
ITEM001073,ORD00864,PROD0048,1,31896.62,47.95
ITEM001074,ORD01139,PROD0424,4,795.83,44.32
ITEM001075,ORD00239,PROD0091,8,11075.21,6.8
ITEM001076,ORD00014,PROD0289,6,47888.62,46.18
ITEM001077,ORD00935,PROD0343,8,16231.55,28.28
ITEM001078,ORD00382,PROD0090,7,15653.08,19.76
ITEM001079,ORD00473,PROD0247,3,39887.24,44.24
ITEM001080,ORD00290,PROD0469,3,3979.11,23.1
ITEM001081,ORD00949,PROD0026,3,154.76,22.25
ITEM001082,ORD00187,PROD0353,4,35713.34,27.54
ITEM001083,ORD00371,PROD0194,3,5038.84,39.76
ITEM001084,ORD00351,PROD0070,2,26160.47,45.49
ITEM001085,ORD00009,PROD0375,7,5410.16,5.6
ITEM001086,ORD00895,PROD0217,6,27556.88,4.08
ITEM001087,ORD00641,PROD0583,8,8457.22,34.54
ITEM001088,ORD00782,PROD0570,1,37545.58,38.66
ITEM001089,ORD00485,PROD0491,4,3451.72,48.95
ITEM001090,ORD00317,PROD0521,8,44970.81,40.19
ITEM001091,ORD00566,PROD0340,5,43325.01,32.87
ITEM001092,ORD01053,PROD0142,8,8209.43,2.7
ITEM001093,ORD01129,PROD0219,3,31301.08,41.93
ITEM001094,ORD00469,PROD0139,3,3052.06,4.43
ITEM001095,ORD00571,PROD0499,4,36584.0,46.23
ITEM001096,ORD01075,PROD0113,6,28905.99,35.53
ITEM001097,ORD00021,PROD0130,1,6466.28,31.7
ITEM001098,ORD00104,PROD0284,3,11028.97,6.56
ITEM001099,ORD00899,PROD0510,3,34803.08,5.16
ITEM001100,ORD00764,PROD0199,3,25216.57,20.9
ITEM001101,ORD00097,PROD0417,4,244.0,49.22
ITEM001102,ORD00118,PROD0353,4,46751.65,22.0
ITEM001103,ORD00942,PROD0365,2,30594.15,11.21
ITEM001104,ORD00146,PROD0024,2,20843.96,44.17
ITEM001105,ORD00152,PROD0481,1,43043.97,7.96
ITEM001106,ORD01088,PROD0224,1,13257.17,42.11
ITEM001107,ORD01109,PROD0283,7,19654.91,7.54
ITEM001108,ORD00167,PROD0208,7,24393.71,25.05
ITEM001109,ORD00752,PROD0416,6,48445.07,20.88
ITEM001110,ORD00806,PROD0472,1,19219.92,35.02
ITEM001111,ORD00314,PROD0087,7,18166.33,3.02
ITEM001112,ORD01191,PROD0294,5,15095.1,1.81
ITEM001113,ORD00884,PROD0401,5,30272.49,9.43
ITEM001114,ORD00461,PROD0582,1,15184.81,30.23
ITEM001115,ORD00343,PROD0465,3,19328.48,21.69
ITEM001116,ORD00241,PROD0091,3,12860.75,39.29
ITEM001117,ORD00282,PROD0352,6,13401.1,7.57
ITEM001118,ORD01055,PROD0526,1,26736.67,24.65
ITEM001119,ORD00201,PROD0418,4,36245.31,45.37
ITEM001120,ORD00174,PROD0585,5,11108.1,27.99
ITEM001121,ORD00491,PROD0138,5,47367.01,48.71
ITEM001122,ORD00383,PROD0375,6,26628.27,11.25
ITEM001123,ORD00534,PROD0208,1,40464.95,12.04
ITEM001124,ORD00162,PROD0375,8,20342.82,18.69
ITEM001125,ORD00547,PROD0379,7,45815.27,28.19
ITEM001126,ORD00551,PROD0512,8,20128.69,35.61
ITEM001127,ORD00550,PROD0344,6,48356.01,21.83
ITEM001128,ORD01156,PROD0484,5,19712.07,46.56
ITEM001129,ORD01030,PROD0392,2,21602.31,45.3
ITEM001130,ORD00260,PROD0081,5,18559.96,26.77
ITEM001131,ORD00017,PROD0587,5,25451.47,40.74
ITEM001132,ORD00380,PROD0409,6,39347.72,18.56
ITEM001133,ORD00781,PROD0407,8,9168.02,42.67
ITEM001134,ORD00491,PROD0014,5,6921.77,18.4
ITEM001135,ORD00244,PROD0273,2,46662.95,14.3
ITEM001136,ORD00543,PROD0558,4,39652.66,7.87
ITEM001137,ORD00851,PROD0120,6,44317.93,10.67
ITEM001138,ORD00115,PROD0464,4,32923.5,22.89
ITEM001139,ORD00214,PROD0019,-1,24834.55,26.54
ITEM001140,ORD00730,PROD0172,2,4062.1,36.49
ITEM001141,ORD00915,PROD0095,5,15984.95,10.46
ITEM001142,ORD00573,PROD0181,8,13062.1,42.21
ITEM001143,ORD01021,PROD0050,4,32176.51,8.18
ITEM001144,ORD00052,PROD0542,6,43778.07,41.02
ITEM001145,ORD00456,PROD0456,3,28907.51,20.02
ITEM001146,ORD00664,PROD0417,8,269.92,13.93
ITEM001147,ORD00127,PROD0048,6,40783.03,40.68
ITEM001148,ORD01100,PROD0065,-3,16341.63,25.96
ITEM001149,ORD00094,PROD0038,-2,24243.86,34.12
ITEM001150,ORD00263,PROD0068,6,23209.42,42.33
ITEM001151,ORD00400,PROD0123,5,11412.79,28.68
ITEM001152,ORD00253,PROD0223,2,24769.42,8.22
ITEM001153,ORD00072,PROD0204,7,31159.48,17.55
ITEM001154,ORD00316,PROD0531,3,45333.56,1.34
ITEM001155,ORD00382,PROD0590,8,39226.24,17.2
ITEM001156,ORD00765,PROD0361,4,45486.28,7.42
ITEM001157,ORD00309,PROD0454,4,44691.71,30.17
ITEM001158,ORD00357,PROD0002,8,34590.38,41.42
ITEM001159,ORD00455,PROD0363,4,21219.02,4.36
ITEM001160,ORD00717,PROD0036,2,45379.16,27.56
ITEM001161,ORD00941,PROD0047,7,30396.0,39.4
ITEM001162,ORD00248,PROD0518,4,19118.54,4.93
ITEM001163,ORD01007,PROD0128,2,17775.62,42.27
ITEM001164,ORD01134,PROD0228,3,35333.74,48.18
ITEM001165,ORD01010,PROD0446,5,26753.21,12.91
ITEM001166,ORD00825,PROD0490,8,37712.21,6.55
ITEM001167,ORD00430,PROD0222,3,7167.56,8.07
ITEM001168,ORD01042,PROD0018,5,12762.44,7.7
ITEM001169,ORD01148,PROD0580,3,9014.05,47.92
ITEM001170,ORD00830,PROD0059,6,10632.07,32.8
ITEM001171,ORD00798,PROD0249,8,43238.21,12.23
ITEM001172,ORD00235,PROD0545,7,34215.34,24.59
ITEM001173,ORD00215,PROD0242,-3,11532.85,27.94
ITEM001174,ORD00625,PROD0125,6,7510.01,44.42
ITEM001175,ORD00147,PROD0226,3,20124.5,2.87
ITEM001176,ORD00588,PROD0409,8,32876.86,19.31
ITEM001177,ORD00643,PROD0284,1,18140.45,12.57
ITEM001178,ORD00149,PROD0179,2,18477.54,21.41
ITEM001179,ORD00549,PROD0074,6,16564.42,13.58
ITEM001180,ORD01167,PROD0094,7,29662.01,10.58
ITEM001181,ORD00658,PROD0462,6,40262.19,3.01
ITEM001182,ORD00002,PROD0141,-2,21786.38,7.91
ITEM001183,ORD00031,PROD0073,8,4895.09,36.45
ITEM001184,ORD00184,PROD0154,4,28621.52,37.59
ITEM001185,ORD00881,PROD0414,8,20358.57,28.32
ITEM001186,ORD01072,PROD0486,3,21375.49,44.66
ITEM001187,ORD00474,PROD0082,3,6679.4,32.6
ITEM001188,ORD00058,PROD0472,8,32472.54,21.02
ITEM001189,ORD00486,PROD0213,5,10230.46,30.13
ITEM001190,ORD00783,PROD0337,1,47695.26,33.61
ITEM001191,ORD01185,PROD0343,2,7322.11,7.93
ITEM001192,ORD00142,PROD0361,6,24365.87,18.91
ITEM001193,ORD00580,PROD0577,5,24048.9,35.55
ITEM001194,ORD00003,PROD0144,8,19842.6,15.46
ITEM001195,ORD00892,PROD0509,8,29694.98,46.17
ITEM001196,ORD00183,PROD0430,7,44537.27,21.33
ITEM001197,ORD00070,PROD0264,1,1250.37,12.21
ITEM001198,ORD00645,PROD0226,1,29484.28,19.31
ITEM001199,ORD00558,PROD0579,3,48148.01,22.07
ITEM001200,ORD00226,PROD0580,3,28508.56,19.01
ITEM001201,ORD00658,PROD0211,6,29718.87,35.95
ITEM001202,ORD00368,PROD0377,3,26497.91,23.13
ITEM001203,ORD00423,PROD0437,2,42680.94,30.7
ITEM001204,ORD01075,PROD0574,6,30625.03,17.43
ITEM001205,ORD00577,PROD0424,4,14997.0,16.52
ITEM001206,ORD00537,PROD0300,5,35480.93,39.28
ITEM001207,ORD00626,PROD0125,4,37673.78,12.12
ITEM001208,ORD00530,PROD0283,5,11398.11,44.05
ITEM001209,ORD00840,PROD0271,-5,8649.73,11.23
ITEM001210,ORD00673,PROD0513,8,36204.95,10.93
ITEM001211,ORD01179,PROD0546,5,5077.97,7.88
ITEM001212,ORD00017,PROD0585,1,34594.47,5.76
ITEM001213,ORD00981,PROD0045,5,44971.97,25.93
ITEM001214,ORD00395,PROD0294,7,18590.15,23.63
ITEM001215,ORD01200,PROD0136,3,1960.89,0.51
ITEM001216,ORD00619,PROD0285,5,19136.92,3.2
ITEM001217,ORD00458,PROD0581,1,7157.61,36.86
ITEM001218,ORD00729,PROD0110,2,10281.6,43.19
ITEM001219,ORD00683,PROD0403,7,9596.7,29.12
ITEM001220,ORD00966,PROD0003,7,48545.53,3.94
ITEM001221,ORD01175,PROD0224,5,35320.23,27.63
ITEM001222,ORD00388,PROD0266,7,19455.53,4.23
ITEM001223,ORD00457,PROD0556,1,44262.4,14.83
ITEM001224,ORD00376,PROD0196,3,46646.13,37.04
ITEM001225,ORD00069,PROD0255,8,14708.48,13.26
ITEM001226,ORD00426,PROD0111,-2,33197.96,35.71
ITEM001227,ORD00852,PROD0517,7,39093.4,27.01
ITEM001228,ORD00058,PROD0034,6,35566.71,44.86
ITEM001229,ORD01166,PROD0288,1,7734.23,40.24
ITEM001230,ORD00184,PROD0499,5,3314.12,13.17
ITEM001231,ORD00077,PROD0310,6,3016.42,11.42
ITEM001232,ORD00751,PROD0049,5,21164.0,16.92
ITEM001233,ORD00919,PROD0345,3,10028.62,6.67
ITEM001234,ORD00314,PROD0240,-1,6808.66,20.06
ITEM001235,ORD00221,PROD0221,1,11563.12,10.97
ITEM001236,ORD00520,PROD0419,2,36729.76,6.14
ITEM001237,ORD00877,PROD0468,1,21933.23,21.34
ITEM001238,ORD00980,PROD0356,6,12531.26,37.42
ITEM001239,ORD00356,PROD0285,4,2896.9,47.08
ITEM001240,ORD00355,PROD0237,5,40821.63,8.53
ITEM001241,ORD00060,PROD0222,3,2428.67,27.01
ITEM001242,ORD00939,PROD0070,1,4634.26,35.88
ITEM001243,ORD00335,PROD0136,6,3018.64,40.72
ITEM001244,ORD00848,PROD0266,8,36509.4,47.92
ITEM001245,ORD00976,PROD0508,5,20754.61,31.11
ITEM001246,ORD00375,PROD0271,6,32026.96,11.37
ITEM001247,ORD00903,PROD0158,8,31483.22,16.97
ITEM001248,ORD00132,PROD0185,1,40152.96,29.25
ITEM001249,ORD00703,PROD0395,5,35659.32,45.74
ITEM001250,INVALID_ORDER_1250,PROD0254,4,22623.34,38.47
ITEM001251,ORD00157,PROD0191,2,4389.04,2.36
ITEM001252,ORD01088,PROD0469,1,11861.74,17.33
ITEM001253,ORD01133,PROD0426,1,33513.52,44.54
ITEM001254,ORD00152,PROD0466,8,14638.27,1.8
ITEM001255,ORD00462,PROD0155,5,34752.8,8.91
ITEM001256,ORD00652,PROD0113,3,8857.59,45.27
ITEM001257,ORD00795,PROD0261,8,9171.22,1.07
ITEM001258,ORD00593,PROD0154,7,8889.76,33.96
ITEM001259,ORD00534,PROD0392,4,45447.7,37.0
ITEM001260,ORD00004,PROD0553,4,48810.48,14.72
ITEM001261,ORD00907,PROD0019,8,25477.87,29.01
ITEM001262,ORD00678,PROD0013,1,40241.53,0.52
ITEM001263,ORD00767,PROD0387,6,3661.43,38.3
ITEM001264,ORD00642,PROD0195,8,24892.08,31.2
ITEM001265,ORD00373,PROD0407,4,8081.92,43.88
ITEM001266,ORD00649,PROD0425,3,22672.29,24.9
ITEM001267,ORD00654,PROD0175,6,28405.21,0.88
ITEM001268,ORD00165,PROD0409,2,7173.82,30.23
ITEM001269,ORD00057,PROD0378,3,7630.38,14.29
ITEM001270,ORD00147,PROD0331,7,10996.48,7.58
ITEM001271,ORD00651,PROD0324,7,11706.31,12.22
ITEM001272,ORD00316,PROD0419,5,33237.61,47.7
ITEM001273,ORD00088,PROD0442,6,33195.94,31.18
ITEM001274,ORD00056,PROD0565,4,10317.66,5.35
ITEM001275,ORD01103,PROD0042,4,35248.19,7.85
ITEM001276,ORD00172,PROD0182,2,47492.87,8.64
ITEM001277,ORD00157,PROD0382,2,35590.32,26.92
ITEM001278,ORD00892,PROD0557,8,49572.55,14.9
ITEM001279,ORD00018,PROD0107,2,26588.83,13.11
ITEM001280,ORD01101,PROD0060,5,37528.82,41.86
ITEM001281,ORD00002,PROD0044,3,28543.86,25.12
ITEM001282,ORD01020,PROD0453,8,12303.14,15.68
ITEM001283,ORD00671,PROD0398,5,47292.01,19.96
ITEM001284,ORD00637,PROD0122,3,10963.81,32.93
ITEM001285,ORD00229,PROD0145,7,40452.3,8.95
ITEM001286,ORD00396,PROD0188,-1,2369.06,8.15
ITEM001287,ORD00519,PROD0545,2,14142.08,24.28
ITEM001288,ORD01047,PROD0582,2,4593.38,43.14
ITEM001289,ORD00915,PROD0158,7,29447.56,29.7
ITEM001290,ORD00569,PROD0590,2,32619.22,25.68
ITEM001291,ORD00408,PROD0114,1,2944.95,43.76
ITEM001292,ORD00865,PROD0420,-2,35340.9,3.12
ITEM001293,ORD00713,PROD0202,6,9750.25,19.8
ITEM001294,ORD00198,PROD0004,1,16399.21,8.97
ITEM001295,ORD00501,PROD0543,1,46772.35,27.66
ITEM001296,ORD00332,PROD0428,3,33033.24,28.23
ITEM001297,ORD00128,PROD0062,7,8284.3,22.87
ITEM001298,ORD00894,PROD0250,3,42207.44,49.65
ITEM001299,ORD00424,PROD0514,7,33691.43,44.14
ITEM001300,ORD00418,PROD0220,7,45016.4,4.17
ITEM001301,ORD00689,PROD0117,7,8933.95,22.74
ITEM001302,ORD00508,PROD0445,2,140.94,3.72
ITEM001303,ORD00318,PROD0518,4,45013.44,35.84
ITEM001304,ORD00313,PROD0102,4,17531.45,9.34
ITEM001305,ORD00130,PROD0542,1,20362.42,44.78
ITEM001306,ORD01010,PROD0395,1,21182.35,31.46
ITEM001307,ORD00759,PROD0596,2,42829.4,40.66
ITEM001308,ORD00507,PROD0077,8,30374.27,47.83
ITEM001309,ORD00240,PROD0472,2,17681.93,29.67
ITEM001310,ORD01187,PROD0547,5,17562.18,24.87
ITEM001311,ORD00035,PROD0155,7,18495.11,47.67
ITEM001312,ORD00818,PROD0547,3,30620.61,17.7
ITEM001313,ORD00193,PROD0142,4,15471.59,25.36
ITEM001314,ORD01159,PROD0167,4,30156.96,33.56
ITEM001315,ORD00019,PROD0456,3,29008.65,30.39
ITEM001316,ORD00912,PROD0275,3,38265.13,20.6
ITEM001317,ORD00624,PROD0065,7,24273.12,28.12
ITEM001318,ORD01134,PROD0469,8,12820.01,17.6
ITEM001319,ORD01170,PROD0292,2,47685.06,9.68
ITEM001320,ORD01033,PROD0310,8,12202.34,41.94
ITEM001321,ORD01063,PROD0352,2,49862.35,14.65
ITEM001322,ORD01197,PROD0547,-3,15870.25,39.62
ITEM001323,ORD00342,PROD0528,1,16400.68,8.55
ITEM001324,ORD00065,PROD0168,8,2050.32,20.01
ITEM001325,ORD01133,PROD0063,-5,9039.16,26.73
ITEM001326,ORD00518,PROD0368,4,127.18,43.86
ITEM001327,ORD01174,PROD0569,1,16561.01,15.26
ITEM001328,ORD01108,PROD0565,8,13169.38,42.73
ITEM001329,ORD00218,PROD0567,4,826.99,46.27
ITEM001330,ORD00916,PROD0380,1,131.53,2.3
ITEM001331,ORD00707,PROD0400,7,5180.94,44.43
ITEM001332,ORD00729,PROD0209,-3,19431.39,4.85
ITEM001333,ORD00535,PROD0579,8,48939.52,33.25
ITEM001334,ORD00603,PROD0443,1,25182.42,23.99
ITEM001335,ORD00040,PROD0122,3,20780.83,32.14
ITEM001336,ORD00072,PROD0032,4,21443.57,44.43
ITEM001337,ORD00252,PROD0049,5,15220.5,48.45
ITEM001338,ORD00270,PROD0045,5,33296.73,47.73
ITEM001339,ORD01145,PROD0411,6,8325.25,47.0
ITEM001340,ORD00774,PROD0146,3,5929.77,45.51
ITEM001341,ORD00894,PROD0490,7,38429.11,9.21
ITEM001342,ORD00371,PROD0128,6,11872.0,46.59
ITEM001343,ORD00604,PROD0451,5,24995.31,24.02
ITEM001344,ORD00797,PROD0311,6,18681.03,11.14
ITEM001345,ORD00896,PROD0335,4,26765.44,15.63
ITEM001346,ORD01002,PROD0084,5,16717.55,17.38
ITEM001347,ORD00209,PROD0171,1,265.88,12.46
ITEM001348,ORD00262,PROD0190,2,46471.86,38.96
ITEM001349,ORD00486,PROD0147,8,24783.21,21.28
ITEM001350,ORD00555,PROD0549,4,30912.53,27.78
ITEM001351,ORD00658,PROD0568,3,29264.35,15.26
ITEM001352,ORD00710,PROD0144,6,5160.02,5.78
ITEM001353,ORD01029,PROD0336,2,22486.47,2.74
ITEM001354,ORD00107,PROD0542,1,18227.31,29.96
ITEM001355,ORD00530,PROD0459,5,23633.63,38.23
ITEM001356,ORD00440,PROD0366,5,21974.18,26.45
ITEM001357,ORD00606,PROD0115,8,6042.22,29.03
ITEM001358,ORD01170,PROD0471,5,42385.53,30.15
ITEM001359,ORD00076,PROD0342,1,11190.05,6.24
ITEM001360,ORD00446,PROD0432,2,34450.2,11.98
ITEM001361,ORD01068,PROD0187,1,25697.69,25.3
ITEM001362,ORD00359,PROD0571,3,24047.96,23.76
ITEM001363,ORD00020,PROD0293,7,9279.33,34.21
ITEM001364,ORD00642,PROD0186,5,20488.83,41.59
ITEM001365,ORD00436,PROD0336,8,40627.17,39.21
ITEM001366,ORD00103,PROD0104,2,17876.4,34.28
ITEM001367,ORD00386,PROD0300,7,24878.54,36.76
ITEM001368,ORD00907,PROD0388,7,29483.63,3.27
ITEM001369,ORD00636,PROD0230,7,6913.93,30.23
ITEM001370,ORD00527,PROD0386,7,13173.46,45.3
ITEM001371,ORD00108,PROD0589,1,34505.74,5.61
ITEM001372,ORD01091,PROD0568,4,28914.23,26.56
ITEM001373,ORD00480,PROD0349,2,27061.1,20.48
ITEM001374,ORD01070,PROD0298,3,32562.5,19.49
ITEM001375,ORD01054,PROD0530,8,29183.66,21.9
ITEM001376,ORD01150,PROD0380,8,16496.81,35.5
ITEM001377,ORD00714,PROD0533,2,42145.09,2.57
ITEM001378,ORD00294,PROD0074,8,36583.29,30.46
ITEM001379,ORD00152,PROD0141,4,32000.96,45.37
ITEM001380,ORD00926,PROD0084,6,37555.58,26.46
ITEM001381,ORD00538,PROD0337,5,39760.77,10.31
ITEM001382,ORD01017,PROD0164,7,49103.92,5.24
ITEM001383,ORD00374,PROD0223,4,26455.34,17.09
ITEM001384,ORD00890,PROD0550,2,28948.3,30.49
ITEM001385,ORD01007,PROD0552,6,28864.24,44.38
ITEM001386,ORD00047,PROD0587,3,41686.39,22.26
ITEM001387,ORD01182,PROD0049,3,28057.67,21.26
ITEM001388,ORD00867,PROD0600,6,4562.57,41.45
ITEM001389,ORD00642,PROD0517,1,37751.75,23.23
ITEM001390,ORD00025,PROD0327,7,1096.76,37.22
ITEM001391,ORD00250,PROD0590,2,620.72,47.93
ITEM001392,ORD01091,PROD0129,8,15437.95,32.32
ITEM001393,ORD00646,PROD0358,7,2208.9,2.95
ITEM001394,ORD01088,PROD0336,2,42793.7,35.86
ITEM001395,ORD00088,PROD0291,3,15036.91,35.73
ITEM001396,ORD00424,PROD0411,6,46640.04,39.75
ITEM001397,ORD01088,PROD0509,7,7079.06,21.99
ITEM001398,ORD00445,PROD0358,7,28460.66,10.45
ITEM001399,ORD00496,PROD0062,6,27273.18,48.77
ITEM001400,ORD00882,PROD0093,5,22573.1,12.32
ITEM001401,ORD00685,PROD0396,4,29280.68,28.4
ITEM001402,ORD00732,PROD0356,2,5152.97,14.51
ITEM001403,ORD00805,PROD0044,4,23629.69,9.09
ITEM001404,ORD00058,PROD0163,7,49838.75,32.51
ITEM001405,ORD00840,PROD0005,4,14819.76,26.06
ITEM001406,ORD00774,PROD0262,7,3919.52,44.67
ITEM001407,ORD00946,PROD0332,4,16804.63,43.61
ITEM001408,ORD00614,PROD0420,1,48768.11,48.17
ITEM001409,ORD00077,PROD0194,1,6854.91,49.01
ITEM001410,ORD00017,PROD0271,7,10505.68,6.72
ITEM001411,ORD01043,PROD0105,5,33853.97,22.66
ITEM001412,ORD01084,PROD0593,6,39732.92,46.33
ITEM001413,ORD01179,PROD0422,1,20977.62,20.11
ITEM001414,ORD00008,PROD0584,5,46930.38,25.46
ITEM001415,ORD00553,PROD0328,6,5683.1,35.35
ITEM001416,ORD00674,PROD0551,8,6875.66,24.55
ITEM001417,ORD00929,PROD0273,1,32125.99,21.24
ITEM001418,ORD01133,PROD0574,2,37902.19,41.96
ITEM001419,ORD00555,PROD0036,4,29573.32,38.0
ITEM001420,ORD00134,PROD0520,8,22215.05,37.37
ITEM001421,ORD01049,PROD0228,4,20294.68,38.05
ITEM001422,ORD00921,PROD0015,2,11704.15,0.42
ITEM001423,ORD00026,PROD0116,6,9730.77,41.3
ITEM001424,ORD00859,PROD0024,3,19855.31,17.43
ITEM001425,ORD00342,PROD0041,2,32794.92,8.52
ITEM001426,ORD00477,PROD0088,6,22565.49,6.7
ITEM001427,ORD00550,PROD0287,1,35393.08,24.74
ITEM001428,ORD00558,PROD0103,3,13609.06,49.89
ITEM001429,ORD00492,PROD0565,1,31107.07,35.73
ITEM001430,ORD00634,PROD0102,3,7295.5,13.85
ITEM001431,ORD00954,PROD0029,8,7636.07,19.49
ITEM001432,ORD00524,PROD0589,3,8955.06,3.91
ITEM001433,ORD01016,PROD0306,3,14551.67,13.25
ITEM001434,ORD00439,PROD0177,2,26725.11,31.09
ITEM001435,ORD00073,PROD0198,7,5050.92,19.07
ITEM001436,ORD00103,PROD0487,-5,20027.88,34.72
ITEM001437,ORD00348,PROD0058,3,38973.9,1.59
ITEM001438,ORD00687,PROD0243,7,36099.94,3.5
ITEM001439,ORD00739,PROD0202,1,597.82,23.24
ITEM001440,ORD00642,PROD0031,8,12245.41,16.68
ITEM001441,ORD01154,PROD0013,-4,10887.78,23.07
ITEM001442,ORD00389,PROD0036,3,8096.36,5.46
ITEM001443,ORD01108,PROD0390,8,44241.52,32.75
ITEM001444,ORD01016,PROD0146,1,40232.82,12.69
ITEM001445,ORD00573,PROD0418,8,5636.87,8.36
ITEM001446,ORD00141,PROD0486,8,12916.08,12.24
ITEM001447,ORD00111,PROD0149,5,14727.47,39.33
ITEM001448,ORD00270,PROD0189,2,32432.5,0.77
ITEM001449,ORD00702,PROD0186,5,37790.91,7.1
ITEM001450,ORD00035,PROD0598,8,39912.03,23.72
ITEM001451,ORD00370,PROD0385,4,33752.71,21.03
ITEM001452,ORD00724,PROD0324,3,23569.21,3.95
ITEM001453,ORD00954,PROD0308,1,48528.52,33.86
ITEM001454,ORD00554,PROD0354,6,29258.87,17.54
ITEM001455,ORD00783,PROD0038,2,28791.13,5.52
ITEM001456,ORD01100,PROD0596,2,8619.4,21.49
ITEM001457,ORD00829,PROD0293,7,12839.43,27.8
ITEM001458,ORD01053,PROD0432,8,19030.52,2.94
ITEM001459,ORD00020,PROD0513,5,22863.71,1.18
ITEM001460,ORD00473,PROD0449,2,48838.36,5.48
ITEM001461,ORD00067,PROD0503,3,4379.13,15.04
ITEM001462,ORD00104,PROD0414,4,19712.6,48.1
ITEM001463,ORD00262,PROD0203,4,14002.26,13.45
ITEM001464,ORD00896,PROD0277,1,25258.07,5.86
ITEM001465,ORD01176,PROD0541,5,21641.5,7.4
ITEM001466,ORD00020,PROD0173,3,10045.16,36.34
ITEM001467,ORD00304,PROD0015,6,174.36,10.41
ITEM001468,ORD00447,PROD0003,1,27472.33,18.85
ITEM001469,ORD00598,PROD0413,2,30648.1,0.17
ITEM001470,ORD01068,PROD0586,2,6153.77,5.96
ITEM001471,ORD00006,PROD0024,2,19285.71,37.65
ITEM001472,ORD00312,PROD0241,8,10156.92,22.84
ITEM001473,ORD01192,PROD0545,8,37026.63,30.89
ITEM001474,ORD00796,PROD0010,6,15080.06,49.45
ITEM001475,ORD00169,PROD0561,5,19486.54,2.03
ITEM001476,ORD00048,PROD0528,4,12527.15,5.94
ITEM001477,ORD00199,PROD0251,2,46485.5,26.17
ITEM001478,ORD00175,PROD0326,6,34745.71,16.49
ITEM001479,ORD00290,PROD0588,5,7589.05,0.91
ITEM001480,ORD00533,PROD0013,4,16264.7,11.96
ITEM001481,ORD00846,PROD0421,-3,18815.58,28.74
ITEM001482,ORD00513,PROD0291,5,43175.19,21.6
ITEM001483,ORD00304,PROD0055,3,13423.13,32.2
ITEM001484,ORD00033,PROD0143,2,34467.04,7.61
ITEM001485,ORD00283,PROD0228,5,48410.48,7.46
ITEM001486,ORD00801,PROD0145,6,25089.78,3.5
ITEM001487,ORD00537,PROD0333,8,11447.34,45.64
ITEM001488,ORD00395,PROD0422,4,17287.6,22.72
ITEM001489,ORD00018,PROD0302,2,49625.27,28.0
ITEM001490,ORD00286,PROD0565,2,27492.71,34.33
ITEM001491,ORD00143,PROD0181,6,17362.98,0.89
ITEM001492,ORD00815,PROD0118,1,23285.95,8.64
ITEM001493,ORD00114,PROD0271,1,2783.73,6.39
ITEM001494,ORD00497,PROD0535,2,1578.27,36.17
ITEM001495,ORD00360,PROD0206,3,28433.14,49.51
ITEM001496,ORD00875,PROD0071,3,1565.32,45.22
ITEM001497,ORD01091,PROD0384,-4,21817.79,16.26
ITEM001498,ORD00530,PROD0320,1,48535.19,15.27
ITEM001499,ORD00364,PROD0148,7,49380.03,42.61
ITEM001500,INVALID_ORDER_1500,PROD0393,1,5442.84,4.41
ITEM001501,ORD00485,PROD0008,4,48205.54,15.46
ITEM001502,ORD00305,PROD0266,7,4245.4,49.96
ITEM001503,ORD01096,PROD0174,6,37867.43,37.47
ITEM001504,ORD00259,PROD0470,3,19772.63,49.34
ITEM001505,ORD01044,PROD0402,7,46753.88,46.59
ITEM001506,ORD00820,PROD0157,5,49179.9,47.82
ITEM001507,ORD00906,PROD0419,8,25580.77,42.22
ITEM001508,ORD00601,PROD0485,2,33153.33,28.91
ITEM001509,ORD00426,PROD0371,-4,48750.86,5.44
ITEM001510,ORD01046,PROD0311,8,49671.74,48.68
ITEM001511,ORD00258,PROD0241,5,40603.58,15.38
ITEM001512,ORD00630,PROD0430,7,27429.42,47.37
ITEM001513,ORD00309,PROD0089,7,42189.48,30.23
ITEM001514,ORD00730,PROD0168,3,957.88,19.98
ITEM001515,ORD00567,PROD0290,2,38344.11,5.05
ITEM001516,ORD01010,PROD0201,2,26606.7,23.18
ITEM001517,ORD00006,PROD0440,4,16934.42,29.34
ITEM001518,ORD00589,PROD0513,3,36228.38,26.41
ITEM001519,ORD00568,PROD0430,7,20317.07,43.31
ITEM001520,ORD00038,PROD0356,2,49648.87,9.09
ITEM001521,ORD00330,PROD0380,5,4204.86,36.31
ITEM001522,ORD00507,PROD0031,7,2642.79,30.57
ITEM001523,ORD01082,PROD0435,-2,24883.9,5.02
ITEM001524,ORD01035,PROD0395,1,10211.52,3.12
ITEM001525,ORD00413,PROD0108,1,4101.08,40.38
ITEM001526,ORD00067,PROD0014,8,40683.24,12.04
ITEM001527,ORD01017,PROD0102,8,38120.19,27.74
ITEM001528,ORD00094,PROD0108,7,44216.89,7.78
ITEM001529,ORD00727,PROD0053,5,5016.26,32.4
ITEM001530,ORD00956,PROD0537,6,46071.1,31.43
ITEM001531,ORD00158,PROD0211,6,11250.5,26.51
ITEM001532,ORD00245,PROD0024,3,27949.77,33.8
ITEM001533,ORD00909,PROD0536,8,6966.33,23.4
ITEM001534,ORD00116,PROD0233,7,5378.6,1.37
ITEM001535,ORD01049,PROD0114,8,48799.8,7.73
ITEM001536,ORD00416,PROD0394,8,38767.21,26.77
ITEM001537,ORD00994,PROD0347,1,22425.69,20.96
ITEM001538,ORD00218,PROD0008,5,27396.79,33.69
ITEM001539,ORD01125,PROD0376,8,43369.87,25.03
ITEM001540,ORD00031,PROD0174,5,9788.32,38.4
ITEM001541,ORD00437,PROD0405,3,48516.87,6.08
ITEM001542,ORD01199,PROD0039,7,30162.99,38.17
ITEM001543,ORD01130,PROD0361,5,19980.7,23.61
ITEM001544,ORD00797,PROD0454,6,3408.03,30.99
ITEM001545,ORD00243,PROD0252,6,34879.37,46.98
ITEM001546,ORD00291,PROD0092,2,41952.61,44.73
ITEM001547,ORD00298,PROD0398,8,46394.41,10.88
ITEM001548,ORD00746,PROD0048,5,44650.12,7.83
ITEM001549,ORD00434,PROD0116,4,28936.58,14.43
ITEM001550,ORD00600,PROD0516,1,609.92,45.64
ITEM001551,ORD00871,PROD0077,6,42921.77,2.34
ITEM001552,ORD00207,PROD0378,7,23865.93,18.24
ITEM001553,ORD01127,PROD0398,7,35674.47,12.25
ITEM001554,ORD00676,PROD0239,2,4764.27,16.29
ITEM001555,ORD00243,PROD0283,7,13052.88,49.68
ITEM001556,ORD01005,PROD0518,7,42790.58,6.11
ITEM001557,ORD00968,PROD0253,6,37248.55,45.72
ITEM001558,ORD00228,PROD0141,2,45301.06,45.38
ITEM001559,ORD00675,PROD0101,6,38277.34,24.89
ITEM001560,ORD00202,PROD0350,3,18881.39,46.94
ITEM001561,ORD00094,PROD0473,7,1041.15,14.78
ITEM001562,ORD00600,PROD0446,6,38607.92,21.14
ITEM001563,ORD00948,PROD0480,6,3326.43,5.09
ITEM001564,ORD00944,PROD0209,8,6212.9,19.21
ITEM001565,ORD00540,PROD0493,4,24109.61,36.13
ITEM001566,ORD00444,PROD0101,5,48937.14,26.5
ITEM001567,ORD00381,PROD0453,2,42042.78,25.16
ITEM001568,ORD00665,PROD0471,7,2585.55,28.13
ITEM001569,ORD00681,PROD0266,7,34294.03,20.14
ITEM001570,ORD00303,PROD0462,5,49851.88,22.43
ITEM001571,ORD00878,PROD0257,8,32669.86,18.86
ITEM001572,ORD00424,PROD0148,2,42997.37,35.32
ITEM001573,ORD00693,PROD0214,7,23846.81,34.58
ITEM001574,ORD00734,PROD0129,7,36129.57,41.79
ITEM001575,ORD00107,PROD0417,1,39886.82,25.85
ITEM001576,ORD01072,PROD0403,4,8900.61,34.7
ITEM001577,ORD00759,PROD0241,6,39431.52,34.37
ITEM001578,ORD00297,PROD0486,7,37135.96,47.85
ITEM001579,ORD00671,PROD0461,5,38847.93,15.71
ITEM001580,ORD00659,PROD0422,8,25059.56,44.09
ITEM001581,ORD01024,PROD0348,3,21873.08,3.85
ITEM001582,ORD00057,PROD0248,5,7443.41,9.05
ITEM001583,ORD00431,PROD0413,3,22826.54,10.31
ITEM001584,ORD00123,PROD0181,3,24159.05,5.32
ITEM001585,ORD00154,PROD0476,8,21353.73,6.03
ITEM001586,ORD01008,PROD0110,1,38993.95,7.88
ITEM001587,ORD01113,PROD0381,5,41873.77,20.21
ITEM001588,ORD01134,PROD0239,3,47005.85,41.78
ITEM001589,ORD01185,PROD0009,3,9440.3,44.92
ITEM001590,ORD00847,PROD0583,1,4873.2,48.96
ITEM001591,ORD00546,PROD0189,5,24823.24,3.87
ITEM001592,ORD00865,PROD0560,-1,22583.79,44.18
ITEM001593,ORD00040,PROD0222,2,20063.1,9.7
ITEM001594,ORD00081,PROD0351,1,14631.14,9.91
ITEM001595,ORD00379,PROD0424,3,12764.88,13.98
ITEM001596,ORD01183,PROD0230,8,8079.49,13.93
ITEM001597,ORD00909,PROD0444,1,27042.57,47.9
ITEM001598,ORD00067,PROD0408,6,13079.47,7.81
ITEM001599,ORD00717,PROD0564,4,36934.19,11.24
ITEM001600,ORD00947,PROD0162,8,9091.1,43.06
ITEM001601,ORD00328,PROD0587,7,11188.21,32.61
ITEM001602,ORD00612,PROD0577,1,6359.39,21.52
ITEM001603,ORD00860,PROD0464,6,41220.73,22.68
ITEM001604,ORD00341,PROD0567,6,48863.8,29.41
ITEM001605,ORD00543,PROD0383,-1,25332.71,27.31
ITEM001606,ORD00618,PROD0003,8,49686.49,37.68
ITEM001607,ORD00045,PROD0174,1,33288.86,46.12
ITEM001608,ORD01158,PROD0176,3,9389.92,3.89
ITEM001609,ORD00761,PROD0307,4,31022.86,13.97
ITEM001610,ORD01111,PROD0587,4,8750.3,7.84
ITEM001611,ORD00395,PROD0254,1,47874.48,12.23
ITEM001612,ORD00138,PROD0042,6,45302.82,40.27
ITEM001613,ORD00705,PROD0061,4,49466.6,14.18
ITEM001614,ORD00069,PROD0232,5,34787.62,10.41
ITEM001615,ORD00397,PROD0252,3,14797.71,12.31
ITEM001616,ORD00335,PROD0437,1,17406.3,37.33
ITEM001617,ORD01103,PROD0237,5,37657.66,4.52
ITEM001618,ORD01188,PROD0059,6,37592.71,19.64
ITEM001619,ORD00275,PROD0058,4,48352.34,20.07
ITEM001620,ORD00155,PROD0493,6,13964.97,3.28
ITEM001621,ORD00031,PROD0394,5,32081.77,28.32
ITEM001622,ORD00918,PROD0351,2,29339.25,9.04
ITEM001623,ORD00915,PROD0078,2,24132.72,11.61
ITEM001624,ORD00821,PROD0132,5,23725.28,7.56
ITEM001625,ORD01042,PROD0409,2,44875.23,7.09
ITEM001626,ORD00053,PROD0436,4,1419.84,28.55
ITEM001627,ORD00325,PROD0546,6,43740.54,13.52
ITEM001628,ORD00392,PROD0171,2,17756.26,11.51
ITEM001629,ORD00680,PROD0364,-1,13618.2,35.99
ITEM001630,ORD00286,PROD0103,2,15045.68,33.31
ITEM001631,ORD00102,PROD0530,8,45874.54,23.05
ITEM001632,ORD00287,PROD0268,3,18780.65,37.06
ITEM001633,ORD00269,PROD0158,4,35438.98,12.72
ITEM001634,ORD00659,PROD0553,3,36824.09,48.46
ITEM001635,ORD00620,PROD0556,1,21627.96,31.7
ITEM001636,ORD01177,PROD0204,4,37901.93,29.45
ITEM001637,ORD01144,PROD0441,6,43643.09,47.14
ITEM001638,ORD00340,PROD0349,5,48005.75,13.75
ITEM001639,ORD01065,PROD0342,6,36788.52,26.52
ITEM001640,ORD01109,PROD0176,6,35003.59,35.53
ITEM001641,ORD00979,PROD0139,3,997.67,25.4
ITEM001642,ORD00815,PROD0494,3,18184.39,46.2
ITEM001643,ORD00654,PROD0383,7,8521.77,7.95
ITEM001644,ORD00376,PROD0359,-1,26710.85,17.63
ITEM001645,ORD00831,PROD0173,5,22416.38,27.62
ITEM001646,ORD00387,PROD0258,1,4622.92,47.29
ITEM001647,ORD00333,PROD0252,2,14444.93,28.67
ITEM001648,ORD00024,PROD0014,7,19781.51,41.57
ITEM001649,ORD00909,PROD0041,7,112.31,45.93
ITEM001650,ORD00702,PROD0054,6,21572.4,9.26
ITEM001651,ORD00978,PROD0292,1,35887.1,30.73
ITEM001652,ORD00103,PROD0087,4,18599.7,10.04
ITEM001653,ORD00364,PROD0138,8,4772.94,47.48
ITEM001654,ORD00456,PROD0392,1,21051.61,1.06
ITEM001655,ORD01084,PROD0148,1,16086.5,14.05
ITEM001656,ORD00228,PROD0429,1,23752.68,21.8
ITEM001657,ORD00266,PROD0401,6,615.14,28.62
ITEM001658,ORD00468,PROD0475,5,21240.6,22.23
ITEM001659,ORD00872,PROD0151,2,10358.74,43.37
ITEM001660,ORD00406,PROD0421,5,14227.4,4.66
ITEM001661,ORD00892,PROD0307,4,35799.27,19.45
ITEM001662,ORD00566,PROD0295,4,23042.36,23.2
ITEM001663,ORD00796,PROD0536,7,44725.35,37.6
ITEM001664,ORD00865,PROD0214,5,9085.03,48.73
ITEM001665,ORD00569,PROD0439,8,16456.91,17.01
ITEM001666,ORD01048,PROD0564,2,41811.08,24.72
ITEM001667,ORD01157,PROD0194,3,2154.7,8.44
ITEM001668,ORD01148,PROD0225,5,38597.63,3.89
ITEM001669,ORD01017,PROD0173,6,21477.19,16.76
ITEM001670,ORD00403,PROD0514,5,22486.9,38.04
ITEM001671,ORD00023,PROD0170,5,38658.27,18.49
ITEM001672,ORD00462,PROD0388,3,20959.28,28.39
ITEM001673,ORD00576,PROD0479,7,36723.72,13.31
ITEM001674,ORD00025,PROD0004,4,25092.9,16.86
ITEM001675,ORD00641,PROD0494,5,8801.62,19.54
ITEM001676,ORD00571,PROD0241,1,41777.93,1.63
ITEM001677,ORD00452,PROD0489,5,33630.89,2.5
ITEM001678,ORD01001,PROD0421,5,11184.24,25.26
ITEM001679,ORD01071,PROD0269,8,2656.34,36.39
ITEM001680,ORD00169,PROD0556,6,43935.67,12.82
ITEM001681,ORD00849,PROD0479,7,37775.42,20.21
ITEM001682,ORD00138,PROD0377,2,26021.41,40.82
ITEM001683,ORD01170,PROD0035,3,22695.29,46.23
ITEM001684,ORD00342,PROD0591,1,38875.84,15.4
ITEM001685,ORD00084,PROD0466,7,1119.65,48.81
ITEM001686,ORD00745,PROD0422,7,1759.98,44.97
ITEM001687,ORD00467,PROD0254,7,29647.79,12.28
ITEM001688,ORD00056,PROD0406,8,33327.01,1.11
ITEM001689,ORD00829,PROD0483,2,27444.88,6.78
ITEM001690,ORD00376,PROD0431,8,45570.11,32.12
ITEM001691,ORD00167,PROD0017,8,25453.45,25.35
ITEM001692,ORD00674,PROD0224,6,33845.01,40.42
ITEM001693,ORD00096,PROD0397,4,28674.79,10.22
ITEM001694,ORD00347,PROD0528,8,49371.83,1.2
ITEM001695,ORD00645,PROD0331,5,28592.98,6.95
ITEM001696,ORD00242,PROD0467,7,38273.21,38.24
ITEM001697,ORD01117,PROD0412,8,1584.0,19.54
ITEM001698,ORD00383,PROD0063,7,38174.0,28.89
ITEM001699,ORD00031,PROD0486,3,38360.21,25.45
ITEM001700,ORD00165,PROD0581,3,24577.85,28.09
ITEM001701,ORD00858,PROD0331,4,38653.49,11.67
ITEM001702,ORD00186,PROD0469,1,26741.28,41.12
ITEM001703,ORD00631,PROD0269,5,7970.98,10.31
ITEM001704,ORD01097,PROD0241,2,33761.13,11.87
ITEM001705,ORD00670,PROD0310,1,5736.44,17.94
ITEM001706,ORD01159,PROD0429,7,29980.84,3.18
ITEM001707,ORD00697,PROD0552,1,18456.43,49.81
ITEM001708,ORD01087,PROD0167,5,11676.81,45.62
ITEM001709,ORD00570,PROD0252,3,39162.22,34.69
ITEM001710,ORD00155,PROD0478,2,20772.84,25.1
ITEM001711,ORD00012,PROD0396,5,33199.85,33.89
ITEM001712,ORD00704,PROD0541,1,5237.51,32.52
ITEM001713,ORD00518,PROD0595,3,45072.5,32.7
ITEM001714,ORD00191,PROD0337,-4,38758.06,5.72
ITEM001715,ORD00112,PROD0160,5,2222.31,43.99
ITEM001716,ORD00417,PROD0032,1,25927.31,44.91
ITEM001717,ORD00135,PROD0466,3,26481.74,30.03
ITEM001718,ORD00850,PROD0564,5,41662.89,42.12
ITEM001719,ORD00669,PROD0031,1,22936.4,25.82
ITEM001720,ORD01187,PROD0348,3,32115.14,23.35
ITEM001721,ORD00565,PROD0091,1,21206.82,29.62
ITEM001722,ORD00231,PROD0395,3,40010.47,20.31
ITEM001723,ORD00272,PROD0016,3,42049.53,12.01
ITEM001724,ORD00246,PROD0468,3,49713.84,21.06
ITEM001725,ORD00542,PROD0288,6,40173.12,19.07
ITEM001726,ORD00377,PROD0260,8,45009.51,4.06
ITEM001727,ORD00023,PROD0303,3,14983.0,32.88
ITEM001728,ORD00766,PROD0221,1,29319.79,46.94
ITEM001729,ORD00320,PROD0229,4,546.85,27.57
ITEM001730,ORD00546,PROD0584,1,12571.29,18.84
ITEM001731,ORD00920,PROD0001,5,12189.92,15.91
ITEM001732,ORD00632,PROD0044,4,34950.22,21.25
ITEM001733,ORD01027,PROD0082,8,39509.67,38.94
ITEM001734,ORD00571,PROD0017,7,41370.75,13.6
ITEM001735,ORD01045,PROD0560,6,43726.49,28.5
ITEM001736,ORD01021,PROD0255,5,46959.6,20.0
ITEM001737,ORD00312,PROD0203,4,21451.59,19.06
ITEM001738,ORD00950,PROD0542,2,6554.45,29.07
ITEM001739,ORD01162,PROD0497,3,6830.93,2.52
ITEM001740,ORD00526,PROD0191,7,9307.49,48.06
ITEM001741,ORD01155,PROD0132,-4,19967.94,48.32
ITEM001742,ORD01166,PROD0598,4,44637.76,18.85
ITEM001743,ORD00317,PROD0562,6,37599.63,36.74
ITEM001744,ORD00819,PROD0570,8,22601.9,9.36
ITEM001745,ORD00889,PROD0013,4,12814.87,8.63
ITEM001746,ORD01072,PROD0258,4,4872.72,10.01
ITEM001747,ORD01082,PROD0195,2,7822.42,6.3
ITEM001748,ORD00021,PROD0031,-1,14550.68,2.48
ITEM001749,ORD00956,PROD0409,2,47833.54,15.25
ITEM001750,INVALID_ORDER_1750,PROD0035,2,10964.59,5.91
ITEM001751,ORD00419,PROD0529,8,16137.72,45.06
ITEM001752,ORD01114,PROD0482,7,32256.93,41.64
ITEM001753,ORD00786,PROD0305,3,14912.89,0.57
ITEM001754,ORD00310,PROD0057,4,16908.0,11.61
ITEM001755,ORD01168,PROD0497,7,30470.7,40.02
ITEM001756,ORD00535,PROD0573,7,6342.61,46.88
ITEM001757,ORD01117,PROD0035,6,20174.68,6.59
ITEM001758,ORD00009,PROD0088,6,12375.64,46.76
ITEM001759,ORD00919,PROD0419,7,28636.36,48.91
ITEM001760,ORD00314,PROD0298,1,15550.04,39.77
ITEM001761,ORD00630,PROD0503,3,15967.58,48.22
ITEM001762,ORD00398,PROD0494,6,42535.97,4.85
ITEM001763,ORD00107,PROD0509,4,32153.94,3.66
ITEM001764,ORD00717,PROD0064,2,37902.71,38.09
ITEM001765,ORD00368,PROD0047,6,41682.97,37.21
ITEM001766,ORD01196,PROD0073,8,9749.47,22.98
ITEM001767,ORD00389,PROD0306,5,42604.03,15.53
ITEM001768,ORD00919,PROD0294,1,39008.56,24.67
ITEM001769,ORD00053,PROD0455,7,43313.47,38.72
ITEM001770,ORD00646,PROD0068,1,34622.23,23.52
ITEM001771,ORD00659,PROD0079,2,39342.74,31.49
ITEM001772,ORD01142,PROD0366,4,48054.58,8.32
ITEM001773,ORD01103,PROD0356,6,19237.98,48.58
ITEM001774,ORD00076,PROD0076,6,25493.29,17.22
ITEM001775,ORD01116,PROD0081,2,16115.95,41.76
ITEM001776,ORD00534,PROD0278,7,33486.94,12.44
ITEM001777,ORD00240,PROD0408,8,41080.78,0.13
ITEM001778,ORD00584,PROD0012,1,35869.54,15.95
ITEM001779,ORD00639,PROD0121,1,49723.61,12.43
ITEM001780,ORD01119,PROD0154,1,34080.53,29.43
ITEM001781,ORD00807,PROD0165,1,12003.52,18.59
ITEM001782,ORD01115,PROD0568,5,31454.27,34.67
ITEM001783,ORD00044,PROD0456,1,7662.43,16.08
ITEM001784,ORD00693,PROD0093,7,14195.98,21.87
ITEM001785,ORD00424,PROD0209,6,36069.56,6.61
ITEM001786,ORD00114,PROD0195,8,15069.05,42.5
ITEM001787,ORD01031,PROD0520,7,24420.36,25.28
ITEM001788,ORD01144,PROD0495,1,29869.39,2.05
ITEM001789,ORD00241,PROD0095,5,43296.07,3.94
ITEM001790,ORD00409,PROD0149,7,5102.97,16.76
ITEM001791,ORD00565,PROD0567,1,17211.22,40.02
ITEM001792,ORD00494,PROD0191,2,29740.58,20.16
ITEM001793,ORD00605,PROD0466,3,7422.33,15.68
ITEM001794,ORD00964,PROD0008,5,18231.59,13.93
ITEM001795,ORD00984,PROD0059,3,45934.84,44.77
ITEM001796,ORD00164,PROD0455,5,19581.04,3.67
ITEM001797,ORD01173,PROD0348,5,21119.1,39.63
ITEM001798,ORD00794,PROD0418,7,9072.12,16.34
ITEM001799,ORD01181,PROD0385,6,11681.25,0.68
ITEM001800,ORD00788,PROD0076,5,920.55,18.7
ITEM001801,ORD01138,PROD0460,-4,25895.14,2.42
ITEM001802,ORD00107,PROD0403,7,19850.91,21.7
ITEM001803,ORD00018,PROD0380,2,32384.27,21.45
ITEM001804,ORD00017,PROD0559,1,42993.1,29.33
ITEM001805,ORD00243,PROD0169,4,31990.82,7.16
ITEM001806,ORD00278,PROD0024,6,7988.17,10.0
ITEM001807,ORD00943,PROD0380,6,11640.13,5.61
ITEM001808,ORD00383,PROD0402,7,2245.6,43.15
ITEM001809,ORD00950,PROD0358,8,46728.79,33.08
ITEM001810,ORD00528,PROD0280,3,2287.85,14.29
ITEM001811,ORD01141,PROD0289,6,11333.94,4.53
ITEM001812,ORD01142,PROD0017,2,35946.48,29.76
ITEM001813,ORD00713,PROD0359,5,44327.12,42.26
ITEM001814,ORD00677,PROD0408,3,43361.1,29.86
ITEM001815,ORD00760,PROD0153,8,2711.41,34.97
ITEM001816,ORD00779,PROD0013,7,5217.19,21.0
ITEM001817,ORD00286,PROD0318,1,22437.48,14.82
ITEM001818,ORD00316,PROD0432,7,900.17,9.84
ITEM001819,ORD00129,PROD0375,1,3643.21,47.74
ITEM001820,ORD00009,PROD0070,2,21215.71,40.45
ITEM001821,ORD00648,PROD0434,8,28646.87,18.67
ITEM001822,ORD00368,PROD0262,4,12340.22,16.32
ITEM001823,ORD00906,PROD0581,7,48434.6,36.6
ITEM001824,ORD00749,PROD0219,6,34750.39,49.38
ITEM001825,ORD00958,PROD0598,8,6243.1,46.68
ITEM001826,ORD00164,PROD0538,7,21792.89,37.18
ITEM001827,ORD00616,PROD0415,7,16571.88,44.26
ITEM001828,ORD01135,PROD0241,6,35702.81,24.74
ITEM001829,ORD01146,PROD0472,1,18775.34,23.44
ITEM001830,ORD00381,PROD0249,8,42393.49,40.06
ITEM001831,ORD00182,PROD0556,1,40304.96,5.01
ITEM001832,ORD00381,PROD0168,-3,21681.08,12.09
ITEM001833,ORD00389,PROD0148,8,10713.8,34.13
ITEM001834,ORD00431,PROD0580,7,14525.88,2.0
ITEM001835,ORD01149,PROD0137,3,40792.31,46.74
ITEM001836,ORD00943,PROD0386,3,12988.54,21.96
ITEM001837,ORD00485,PROD0164,6,32620.11,2.34
ITEM001838,ORD00489,PROD0187,-1,12642.97,49.58
ITEM001839,ORD00134,PROD0434,4,38081.15,8.76
ITEM001840,ORD00572,PROD0301,5,24782.74,3.53
ITEM001841,ORD01076,PROD0153,1,40004.8,24.16
ITEM001842,ORD00658,PROD0087,5,34533.17,6.34
ITEM001843,ORD00797,PROD0059,8,16248.01,28.42
ITEM001844,ORD00143,PROD0207,4,6303.42,0.19
ITEM001845,ORD00806,PROD0292,4,33704.39,9.22
ITEM001846,ORD00886,PROD0155,8,22525.08,23.34
ITEM001847,ORD00418,PROD0078,1,47751.59,20.09
ITEM001848,ORD00612,PROD0490,-4,272.11,27.93
ITEM001849,ORD00108,PROD0244,1,16819.4,15.66
ITEM001850,ORD01032,PROD0312,5,4332.24,41.2
ITEM001851,ORD00969,PROD0305,3,44900.56,13.51
ITEM001852,ORD00890,PROD0485,6,25366.34,21.4
ITEM001853,ORD00861,PROD0142,1,42108.68,21.48
ITEM001854,ORD00328,PROD0015,4,35358.77,9.55
ITEM001855,ORD01042,PROD0366,7,44163.61,39.77
ITEM001856,ORD00844,PROD0073,8,13436.56,29.75
ITEM001857,ORD00428,PROD0107,4,49048.92,34.95
ITEM001858,ORD01169,PROD0497,5,42121.47,29.91
ITEM001859,ORD00159,PROD0264,7,1815.65,37.0
ITEM001860,ORD00646,PROD0322,-3,29901.05,40.02
ITEM001861,ORD00426,PROD0147,7,14900.28,6.38
ITEM001862,ORD00456,PROD0264,2,6625.04,7.85
ITEM001863,ORD01123,PROD0600,2,33060.59,45.51
ITEM001864,ORD00675,PROD0296,6,11476.12,0.81
ITEM001865,ORD00150,PROD0187,7,37091.49,49.39
ITEM001866,ORD00335,PROD0141,5,46958.44,15.01
ITEM001867,ORD00331,PROD0350,8,37351.51,34.8
ITEM001868,ORD00132,PROD0526,3,45458.77,6.44
ITEM001869,ORD00923,PROD0539,8,2984.65,32.86
ITEM001870,ORD00595,PROD0070,1,19282.54,3.85
ITEM001871,ORD00410,PROD0262,6,20100.62,23.38
ITEM001872,ORD01178,PROD0550,5,19631.61,37.65
ITEM001873,ORD00665,PROD0528,8,31214.25,28.37
ITEM001874,ORD00793,PROD0198,4,48556.15,42.82
ITEM001875,ORD00911,PROD0158,2,2629.7,27.15
ITEM001876,ORD01176,PROD0145,7,20098.73,0.37
ITEM001877,ORD00858,PROD0331,6,36649.5,34.22
ITEM001878,ORD00833,PROD0285,7,16191.44,37.58
ITEM001879,ORD00735,PROD0506,3,12812.81,21.55
ITEM001880,ORD00012,PROD0008,8,16945.17,39.34
ITEM001881,ORD00850,PROD0544,5,34196.34,17.87
ITEM001882,ORD00850,PROD0392,6,5414.92,8.76
ITEM001883,ORD00526,PROD0310,8,46654.37,0.25
ITEM001884,ORD00414,PROD0207,7,947.73,38.78
ITEM001885,ORD00652,PROD0482,2,22686.5,47.92
ITEM001886,ORD00837,PROD0199,5,40513.53,13.39
ITEM001887,ORD00435,PROD0525,1,8750.59,39.87
ITEM001888,ORD00682,PROD0050,4,1616.8,30.44
ITEM001889,ORD00570,PROD0071,1,29235.7,21.66
ITEM001890,ORD00136,PROD0488,8,6832.98,13.64
ITEM001891,ORD00314,PROD0569,4,18192.67,30.47
ITEM001892,ORD01079,PROD0014,1,23255.53,17.7
ITEM001893,ORD00774,PROD0504,1,28694.54,24.91
ITEM001894,ORD00457,PROD0587,1,44424.73,29.22
ITEM001895,ORD01124,PROD0047,7,154.38,35.86
ITEM001896,ORD00514,PROD0277,1,40091.4,48.47
ITEM001897,ORD00725,PROD0544,3,16672.96,14.02
ITEM001898,ORD00036,PROD0480,5,7762.89,11.37
ITEM001899,ORD01155,PROD0451,8,14356.57,21.84
ITEM001900,ORD00743,PROD0375,2,32849.67,3.33
ITEM001901,ORD00872,PROD0274,3,10153.18,25.04
ITEM001902,ORD00265,PROD0328,7,34846.94,40.3
ITEM001903,ORD00567,PROD0109,3,12310.16,38.32
ITEM001904,ORD00345,PROD0440,6,36156.32,18.84
ITEM001905,ORD00574,PROD0170,8,14697.52,25.82
ITEM001906,ORD00203,PROD0455,1,19259.06,9.09
ITEM001907,ORD00438,PROD0089,2,23490.08,25.03
ITEM001908,ORD00604,PROD0151,6,41102.94,28.16
ITEM001909,ORD00849,PROD0562,1,46684.85,46.39
ITEM001910,ORD00483,PROD0137,3,11081.17,23.69
ITEM001911,ORD00923,PROD0515,1,49036.73,44.2
ITEM001912,ORD00467,PROD0483,1,1891.99,40.63
ITEM001913,ORD00878,PROD0324,8,2875.88,44.43
ITEM001914,ORD00575,PROD0478,6,35193.02,3.53
ITEM001915,ORD00912,PROD0431,6,10206.0,26.24
ITEM001916,ORD01116,PROD0554,1,42165.35,37.45
ITEM001917,ORD00948,PROD0527,2,16088.24,30.13
ITEM001918,ORD01143,PROD0595,7,8465.65,41.34
ITEM001919,ORD00431,PROD0518,8,20610.14,26.26
ITEM001920,ORD00319,PROD0018,7,4055.75,11.89
ITEM001921,ORD00818,PROD0112,1,31638.54,16.69
ITEM001922,ORD00181,PROD0561,2,7818.85,28.35
ITEM001923,ORD01106,PROD0536,2,25586.1,6.69
ITEM001924,ORD00055,PROD0501,-4,19462.4,38.02
ITEM001925,ORD00076,PROD0122,3,11050.36,38.97
ITEM001926,ORD01137,PROD0148,4,11272.79,45.26
ITEM001927,ORD01048,PROD0448,8,46073.88,12.13
ITEM001928,ORD00648,PROD0046,6,23066.06,30.71
ITEM001929,ORD01063,PROD0231,4,16982.13,34.53
ITEM001930,ORD00028,PROD0499,2,38320.51,41.99
ITEM001931,ORD00447,PROD0103,6,31643.07,34.07
ITEM001932,ORD00652,PROD0451,1,17938.07,32.19
ITEM001933,ORD01075,PROD0490,4,25877.26,35.55
ITEM001934,ORD00574,PROD0270,6,49094.59,26.87
ITEM001935,ORD00215,PROD0079,5,44399.42,47.55
ITEM001936,ORD00210,PROD0157,6,42556.51,9.92
ITEM001937,ORD01098,PROD0455,7,40974.86,38.82
ITEM001938,ORD00153,PROD0039,8,43929.24,22.52
ITEM001939,ORD00915,PROD0551,3,11682.83,48.68
ITEM001940,ORD00547,PROD0366,5,13243.89,48.82
ITEM001941,ORD01177,PROD0301,-2,40988.2,21.16
ITEM001942,ORD00876,PROD0306,2,21657.12,46.88
ITEM001943,ORD00654,PROD0492,8,25350.99,10.42
ITEM001944,ORD00244,PROD0364,8,18365.97,35.32
ITEM001945,ORD00329,PROD0151,4,5312.58,19.68
ITEM001946,ORD01146,PROD0214,3,28290.25,4.44
ITEM001947,ORD01146,PROD0378,5,32162.39,49.8
ITEM001948,ORD00465,PROD0233,2,18858.17,49.63
ITEM001949,ORD00764,PROD0071,5,26923.45,29.15
ITEM001950,ORD00797,PROD0025,4,15064.57,39.74
ITEM001951,ORD00965,PROD0261,2,17334.31,31.61
ITEM001952,ORD00731,PROD0558,2,46086.75,24.35
ITEM001953,ORD00236,PROD0435,1,16899.84,47.42
ITEM001954,ORD00340,PROD0079,2,20284.03,27.59
ITEM001955,ORD00588,PROD0102,5,41905.08,33.38
ITEM001956,ORD00792,PROD0060,5,40883.19,10.17
ITEM001957,ORD00998,PROD0461,3,29615.42,35.95
ITEM001958,ORD00257,PROD0549,4,48557.56,38.53
ITEM001959,ORD00059,PROD0156,6,48465.3,37.46
ITEM001960,ORD01178,PROD0600,3,5917.1,44.53
ITEM001961,ORD00852,PROD0387,2,30029.18,18.88
ITEM001962,ORD00851,PROD0424,2,174.63,49.87
ITEM001963,ORD00808,PROD0247,1,6807.92,42.45
ITEM001964,ORD00263,PROD0137,4,13506.38,29.42
ITEM001965,ORD00082,PROD0075,4,36287.38,48.6
ITEM001966,ORD01135,PROD0227,8,17968.36,37.02
ITEM001967,ORD00193,PROD0486,2,16437.15,31.78
ITEM001968,ORD00566,PROD0414,5,1442.4,8.21
ITEM001969,ORD00503,PROD0359,5,42588.16,45.4
ITEM001970,ORD00890,PROD0315,7,40696.45,5.5
ITEM001971,ORD00786,PROD0253,3,19042.54,3.32
ITEM001972,ORD01198,PROD0366,7,44692.03,31.69
ITEM001973,ORD00730,PROD0597,3,24349.78,21.93
ITEM001974,ORD00539,PROD0095,1,1413.66,46.36
ITEM001975,ORD01122,PROD0332,-2,37173.26,16.73
ITEM001976,ORD00131,PROD0214,5,38996.43,46.27
ITEM001977,ORD00524,PROD0563,3,9110.34,45.53
ITEM001978,ORD00469,PROD0587,-4,37775.91,47.84
ITEM001979,ORD00136,PROD0259,5,18960.73,36.95
ITEM001980,ORD00172,PROD0383,5,29054.96,9.9
ITEM001981,ORD00733,PROD0096,8,26346.56,23.33
ITEM001982,ORD00649,PROD0219,1,14546.71,29.16
ITEM001983,ORD00585,PROD0250,7,21303.8,25.69
ITEM001984,ORD00107,PROD0542,1,3082.75,36.15
ITEM001985,ORD01098,PROD0492,2,15669.79,29.11
ITEM001986,ORD00665,PROD0095,5,11519.11,24.07
ITEM001987,ORD00845,PROD0175,1,24345.67,27.43
ITEM001988,ORD01124,PROD0468,7,31580.0,16.0
ITEM001989,ORD00617,PROD0132,8,41963.58,20.33
ITEM001990,ORD01123,PROD0003,7,41116.21,32.83
ITEM001991,ORD00501,PROD0074,5,9042.37,37.15
ITEM001992,ORD00026,PROD0414,3,9842.36,9.25
ITEM001993,ORD01029,PROD0443,6,45506.69,0.94
ITEM001994,ORD00669,PROD0142,2,4882.3,39.41
ITEM001995,ORD00056,PROD0414,1,5244.53,3.77
ITEM001996,ORD00655,PROD0580,2,49156.89,20.09
ITEM001997,ORD00512,PROD0211,3,6523.38,42.64
ITEM001998,ORD00570,PROD0039,6,11682.15,48.87
ITEM001999,ORD00268,PROD0189,1,18684.67,6.99
ITEM002000,INVALID_ORDER_2000,PROD0098,1,42531.79,5.69
ITEM002001,ORD00426,PROD0263,4,11259.0,5.05
ITEM002002,ORD00467,PROD0179,7,47772.31,5.84
ITEM002003,ORD00440,PROD0163,5,16843.2,43.0
ITEM002004,ORD00581,PROD0342,5,9364.96,19.99
ITEM002005,ORD00611,PROD0454,1,8745.81,29.18
ITEM002006,ORD00881,PROD0440,3,37296.61,36.48
ITEM002007,ORD01195,PROD0366,8,31869.2,23.68
ITEM002008,ORD00497,PROD0284,6,8949.61,23.59
ITEM002009,ORD00476,PROD0365,2,16796.96,8.88
ITEM002010,ORD00786,PROD0414,6,28179.76,3.32
ITEM002011,ORD01000,PROD0400,6,39397.96,43.62
ITEM002012,ORD01047,PROD0063,7,20882.81,5.26
ITEM002013,ORD00969,PROD0379,7,42464.9,34.9
ITEM002014,ORD00327,PROD0296,5,46197.82,19.69
ITEM002015,ORD00651,PROD0239,7,6451.36,31.69
ITEM002016,ORD01181,PROD0565,4,7789.39,10.13
ITEM002017,ORD00796,PROD0506,3,14960.73,16.94
ITEM002018,ORD00168,PROD0161,7,47550.02,37.25
ITEM002019,ORD01121,PROD0230,4,47015.29,14.33
ITEM002020,ORD01124,PROD0337,7,12392.92,28.89
ITEM002021,ORD00846,PROD0104,3,14872.15,23.52
ITEM002022,ORD00485,PROD0560,2,20822.5,17.72
ITEM002023,ORD00460,PROD0513,7,44857.17,25.76
ITEM002024,ORD00403,PROD0473,4,1253.76,40.32
ITEM002025,ORD00971,PROD0134,8,34587.55,38.75
ITEM002026,ORD00009,PROD0098,7,40744.46,47.95
ITEM002027,ORD00040,PROD0570,7,36622.58,28.69
ITEM002028,ORD00242,PROD0135,5,19971.77,9.82
ITEM002029,ORD00610,PROD0453,6,32157.97,41.92
ITEM002030,ORD01185,PROD0169,5,17289.19,20.27
ITEM002031,ORD00392,PROD0112,5,666.27,19.77
ITEM002032,ORD01173,PROD0269,2,49674.45,5.49
ITEM002033,ORD00848,PROD0393,8,4512.72,20.5
ITEM002034,ORD00053,PROD0422,4,11000.7,11.03
ITEM002035,ORD00228,PROD0034,7,5461.07,17.5
ITEM002036,ORD01170,PROD0029,4,28427.56,13.61
ITEM002037,ORD01199,PROD0035,2,9814.9,11.58
ITEM002038,ORD00557,PROD0221,7,41678.21,32.84
ITEM002039,ORD00421,PROD0281,2,14144.2,41.28
ITEM002040,ORD01118,PROD0272,1,47755.17,43.25
ITEM002041,ORD01011,PROD0222,5,45444.61,4.56
ITEM002042,ORD00821,PROD0011,2,38605.79,2.38
ITEM002043,ORD00639,PROD0166,1,7611.05,28.09
ITEM002044,ORD00855,PROD0428,7,45807.33,49.96
ITEM002045,ORD00149,PROD0041,3,6187.5,42.28
ITEM002046,ORD00411,PROD0265,6,15187.93,13.06
ITEM002047,ORD00320,PROD0062,4,3826.89,3.07
ITEM002048,ORD00980,PROD0580,2,24334.61,46.96
ITEM002049,ORD00205,PROD0211,7,3032.16,16.2
ITEM002050,ORD00985,PROD0102,2,39556.71,5.8
ITEM002051,ORD00277,PROD0101,5,46318.52,40.85
ITEM002052,ORD00278,PROD0311,1,8162.44,46.64
ITEM002053,ORD01138,PROD0091,2,6712.75,26.68
ITEM002054,ORD00613,PROD0325,8,46700.94,3.75
ITEM002055,ORD00437,PROD0447,6,24593.89,14.73
ITEM002056,ORD00878,PROD0193,4,27749.98,48.2
ITEM002057,ORD00077,PROD0512,2,32915.3,18.95
ITEM002058,ORD01183,PROD0294,3,6036.62,14.2
ITEM002059,ORD00099,PROD0078,2,46012.05,10.89
ITEM002060,ORD00106,PROD0421,7,48294.01,9.28
ITEM002061,ORD00137,PROD0417,6,16923.04,49.92
ITEM002062,ORD00360,PROD0509,2,200.63,31.65
ITEM002063,ORD00580,PROD0499,2,46718.44,23.33
ITEM002064,ORD01112,PROD0283,6,21353.35,30.23
ITEM002065,ORD01038,PROD0584,4,49059.97,1.53
ITEM002066,ORD00218,PROD0349,6,46960.1,45.85
ITEM002067,ORD00427,PROD0375,5,44336.98,42.59
ITEM002068,ORD00378,PROD0460,2,22838.67,19.49
ITEM002069,ORD00273,PROD0371,1,13023.63,43.7
ITEM002070,ORD00976,PROD0024,2,14773.61,49.95
ITEM002071,ORD00563,PROD0114,1,49342.75,18.9
ITEM002072,ORD00863,PROD0185,8,38923.66,5.13
ITEM002073,ORD00011,PROD0004,7,20517.99,29.98
ITEM002074,ORD00557,PROD0103,3,484.61,20.38
ITEM002075,ORD00394,PROD0514,2,17623.6,39.64
ITEM002076,ORD00331,PROD0144,3,9130.97,27.8
ITEM002077,ORD00582,PROD0014,8,16404.43,7.78
ITEM002078,ORD00395,PROD0367,5,1694.29,13.65
ITEM002079,ORD00080,PROD0568,2,11485.83,44.5
ITEM002080,ORD00209,PROD0119,6,33383.99,41.3
ITEM002081,ORD00644,PROD0199,8,46389.51,8.24
ITEM002082,ORD01087,PROD0135,1,39598.13,21.83
ITEM002083,ORD00241,PROD0369,1,29979.87,23.22
ITEM002084,ORD00493,PROD0030,1,42589.22,1.19
ITEM002085,ORD00615,PROD0105,6,12204.98,3.86
ITEM002086,ORD00682,PROD0130,2,46498.76,13.13
ITEM002087,ORD00962,PROD0570,8,14463.07,44.19
ITEM002088,ORD00264,PROD0564,2,32113.81,33.71
ITEM002089,ORD00458,PROD0024,6,24936.32,45.64
ITEM002090,ORD00052,PROD0233,2,33414.96,4.87
ITEM002091,ORD00911,PROD0257,4,41118.76,20.12
ITEM002092,ORD01180,PROD0015,6,27672.22,47.89
ITEM002093,ORD01010,PROD0382,5,34923.85,1.04
ITEM002094,ORD00570,PROD0192,1,41722.37,30.14
ITEM002095,ORD00881,PROD0581,5,18028.38,7.66
ITEM002096,ORD01113,PROD0440,-1,36421.6,19.43
ITEM002097,ORD00861,PROD0471,8,37831.69,18.56
ITEM002098,ORD00089,PROD0085,3,22263.55,4.66
ITEM002099,ORD00457,PROD0429,2,15012.16,44.95
ITEM002100,ORD00120,PROD0144,1,25650.21,9.72
ITEM002101,ORD00817,PROD0165,7,14858.47,15.06
ITEM002102,ORD01022,PROD0185,1,26622.04,33.77
ITEM002103,ORD00493,PROD0145,3,10708.33,25.61
ITEM002104,ORD00066,PROD0281,3,15459.93,36.01
ITEM002105,ORD00701,PROD0253,7,30057.59,16.38
ITEM002106,ORD00693,PROD0323,1,19270.22,41.7
ITEM002107,ORD01154,PROD0388,-3,8310.66,22.61
ITEM002108,ORD00490,PROD0219,3,31067.07,16.9
ITEM002109,ORD00597,PROD0368,4,42431.34,16.11
ITEM002110,ORD01102,PROD0143,4,2399.9,1.01
ITEM002111,ORD00287,PROD0446,2,22186.83,4.96
ITEM002112,ORD00606,PROD0161,3,1419.5,4.35
ITEM002113,ORD00951,PROD0555,3,45268.11,17.96
ITEM002114,ORD00494,PROD0181,7,30245.77,23.74
ITEM002115,ORD00011,PROD0406,3,40988.39,37.58
ITEM002116,ORD00442,PROD0125,3,25055.57,15.1
ITEM002117,ORD00734,PROD0008,1,20957.54,33.57
ITEM002118,ORD00100,PROD0109,4,10661.16,30.95
ITEM002119,ORD01003,PROD0499,1,202.88,32.31
ITEM002120,ORD00377,PROD0596,7,5062.56,7.31
ITEM002121,ORD00698,PROD0386,5,35030.69,3.2
ITEM002122,ORD00755,PROD0363,5,222.62,22.47
ITEM002123,ORD00293,PROD0233,-3,36375.12,48.87
ITEM002124,ORD00280,PROD0240,7,32579.39,23.44
ITEM002125,ORD01095,PROD0078,7,14552.3,36.7
ITEM002126,ORD00502,PROD0455,-1,30785.44,47.25
ITEM002127,ORD00723,PROD0201,2,46007.84,33.5
ITEM002128,ORD01022,PROD0439,7,17065.07,17.23
ITEM002129,ORD00965,PROD0429,1,39209.3,8.01
ITEM002130,ORD00178,PROD0329,1,20398.29,3.71
ITEM002131,ORD00123,PROD0160,2,33791.1,19.54
ITEM002132,ORD01121,PROD0453,-4,31667.29,10.22
ITEM002133,ORD00504,PROD0139,8,6242.9,17.79
ITEM002134,ORD00319,PROD0074,7,40954.9,25.84
ITEM002135,ORD00583,PROD0525,4,45589.58,4.19
ITEM002136,ORD00586,PROD0156,4,1176.52,1.45
ITEM002137,ORD00502,PROD0465,4,28532.9,26.89
ITEM002138,ORD00305,PROD0250,2,10438.24,12.98
ITEM002139,ORD00706,PROD0515,7,30669.03,6.34
ITEM002140,ORD00981,PROD0549,2,24595.35,27.69
ITEM002141,ORD01018,PROD0423,2,44130.99,17.04
ITEM002142,ORD00431,PROD0537,2,5008.26,13.74
ITEM002143,ORD00063,PROD0398,3,35046.43,19.65
ITEM002144,ORD00377,PROD0442,4,43588.08,18.44
ITEM002145,ORD00296,PROD0500,5,15864.54,17.27
ITEM002146,ORD00510,PROD0501,6,33664.8,15.7
ITEM002147,ORD00791,PROD0481,5,26493.85,25.57
ITEM002148,ORD00873,PROD0164,5,35437.07,41.52
ITEM002149,ORD00045,PROD0315,3,15813.58,47.93
ITEM002150,ORD01185,PROD0133,7,16416.85,26.69
ITEM002151,ORD00684,PROD0113,1,43331.76,38.3
ITEM002152,ORD00917,PROD0428,3,29904.12,11.57
ITEM002153,ORD00655,PROD0023,4,12944.29,43.87
ITEM002154,ORD00284,PROD0075,2,15127.97,43.43
ITEM002155,ORD00761,PROD0005,4,14706.1,24.67
ITEM002156,ORD01127,PROD0007,6,48626.04,36.15
ITEM002157,ORD00950,PROD0141,5,34935.91,2.6
ITEM002158,ORD00050,PROD0209,3,4771.0,22.64
ITEM002159,ORD00295,PROD0249,3,34701.43,46.32
ITEM002160,ORD00553,PROD0325,7,24463.06,38.3
ITEM002161,ORD00912,PROD0013,7,31543.99,33.55
ITEM002162,ORD01066,PROD0437,2,3461.44,6.92
ITEM002163,ORD00311,PROD0028,1,44577.93,36.0
ITEM002164,ORD01061,PROD0300,5,6412.36,40.86
ITEM002165,ORD01113,PROD0209,4,21200.69,22.57
ITEM002166,ORD01181,PROD0391,-5,8402.64,48.87
ITEM002167,ORD01107,PROD0416,2,34895.86,19.06
ITEM002168,ORD00688,PROD0260,5,44543.56,43.84
ITEM002169,ORD00273,PROD0025,6,45869.62,14.0
ITEM002170,ORD00107,PROD0117,3,13151.39,18.48
ITEM002171,ORD00192,PROD0578,6,2590.93,32.65
ITEM002172,ORD00002,PROD0080,6,14659.5,5.49
ITEM002173,ORD00707,PROD0544,1,27090.58,2.44
ITEM002174,ORD01073,PROD0522,1,14363.48,31.9
ITEM002175,ORD00126,PROD0289,4,3287.33,20.28
ITEM002176,ORD01043,PROD0349,4,41698.53,9.55
ITEM002177,ORD00212,PROD0282,4,23917.86,22.9
ITEM002178,ORD00722,PROD0518,1,31260.82,0.6
ITEM002179,ORD00826,PROD0529,7,14163.43,5.5
ITEM002180,ORD00924,PROD0563,2,48107.12,30.41
ITEM002181,ORD00317,PROD0474,2,20299.44,30.32
ITEM002182,ORD01145,PROD0210,2,21852.98,5.34
ITEM002183,ORD01057,PROD0399,7,5729.86,28.44
ITEM002184,ORD00963,PROD0395,4,33233.38,7.99
ITEM002185,ORD00135,PROD0488,6,43255.39,16.64
ITEM002186,ORD01099,PROD0213,5,17891.2,26.96
ITEM002187,ORD00713,PROD0433,3,27317.07,12.35
ITEM002188,ORD00491,PROD0254,3,14186.2,19.39
ITEM002189,ORD00291,PROD0097,8,16824.04,2.17
ITEM002190,ORD00677,PROD0553,7,21445.07,24.24
ITEM002191,ORD00427,PROD0005,4,422.36,39.43
ITEM002192,ORD00699,PROD0210,8,9020.6,37.7
ITEM002193,ORD00881,PROD0574,4,12826.81,3.48
ITEM002194,ORD00760,PROD0063,3,43751.91,18.53
ITEM002195,ORD00615,PROD0437,4,320.47,27.22
ITEM002196,ORD00391,PROD0008,8,6340.58,36.1
ITEM002197,ORD00017,PROD0468,4,27822.94,35.75
ITEM002198,ORD00342,PROD0496,8,22848.44,37.34
ITEM002199,ORD00238,PROD0124,5,7096.41,6.41
ITEM002200,ORD00985,PROD0517,4,154.73,30.13
ITEM002201,ORD00018,PROD0454,3,3751.85,41.36
ITEM002202,ORD00571,PROD0145,5,24494.1,44.42
ITEM002203,ORD00107,PROD0358,8,42453.44,34.59
ITEM002204,ORD00916,PROD0481,7,46740.31,33.89
ITEM002205,ORD01194,PROD0487,6,35517.86,21.73
ITEM002206,ORD00817,PROD0413,7,14870.18,30.36
ITEM002207,ORD00774,PROD0537,4,14449.85,13.3
ITEM002208,ORD00036,PROD0376,5,47254.32,49.32
ITEM002209,ORD00778,PROD0374,8,31244.74,47.86
ITEM002210,ORD00374,PROD0131,2,38035.93,12.19
ITEM002211,ORD00028,PROD0470,-3,23964.21,12.16
ITEM002212,ORD00103,PROD0117,2,4222.54,47.23
ITEM002213,ORD00077,PROD0099,7,35471.08,45.48
ITEM002214,ORD00859,PROD0010,1,6814.06,17.43
ITEM002215,ORD01172,PROD0214,8,45495.78,29.89
ITEM002216,ORD01140,PROD0209,5,25429.24,35.69
ITEM002217,ORD00734,PROD0504,3,5479.07,28.52
ITEM002218,ORD00967,PROD0584,5,19281.75,48.51
ITEM002219,ORD01035,PROD0424,7,42667.88,33.94
ITEM002220,ORD00492,PROD0160,-2,4671.8,49.75
ITEM002221,ORD01014,PROD0143,7,21221.8,7.31
ITEM002222,ORD01062,PROD0146,6,13267.09,44.45
ITEM002223,ORD00341,PROD0511,5,230.42,40.54
ITEM002224,ORD00290,PROD0022,1,4409.4,33.33
ITEM002225,ORD00773,PROD0018,1,28017.97,16.9
ITEM002226,ORD00427,PROD0147,2,20092.16,32.59
ITEM002227,ORD00117,PROD0203,6,44940.16,42.25
ITEM002228,ORD00445,PROD0391,4,40609.99,4.47
ITEM002229,ORD00120,PROD0059,1,26363.54,29.76
ITEM002230,ORD00481,PROD0068,2,36383.21,40.48
ITEM002231,ORD00635,PROD0545,3,26383.69,49.12
ITEM002232,ORD00473,PROD0344,5,3317.0,27.19
ITEM002233,ORD00369,PROD0052,4,2563.51,13.13
ITEM002234,ORD00452,PROD0455,2,12197.83,20.87
ITEM002235,ORD00349,PROD0547,1,25641.06,40.54
ITEM002236,ORD00288,PROD0141,7,26043.65,17.44
ITEM002237,ORD01172,PROD0311,5,38478.27,42.34
ITEM002238,ORD00712,PROD0226,2,1913.16,17.44
ITEM002239,ORD01124,PROD0218,4,517.51,30.64
ITEM002240,ORD01019,PROD0208,5,48938.73,4.73
ITEM002241,ORD01198,PROD0128,3,33396.57,30.32
ITEM002242,ORD00972,PROD0418,6,32417.18,37.87
ITEM002243,ORD00213,PROD0416,7,23998.92,43.34
ITEM002244,ORD01043,PROD0508,3,32944.28,27.13
ITEM002245,ORD00444,PROD0419,7,27282.87,45.3
ITEM002246,ORD00733,PROD0026,7,43966.98,39.12
ITEM002247,ORD00331,PROD0471,3,29647.01,9.2
ITEM002248,ORD00886,PROD0446,1,28536.81,34.39
ITEM002249,ORD00917,PROD0407,7,49476.57,16.24
ITEM002250,INVALID_ORDER_2250,PROD0564,1,23243.6,29.04
ITEM002251,ORD00496,PROD0326,2,6865.4,17.07
ITEM002252,ORD00977,PROD0492,7,16203.53,30.16
ITEM002253,ORD01016,PROD0390,4,45615.53,18.47
ITEM002254,ORD01090,PROD0026,2,45930.96,47.06
ITEM002255,ORD00596,PROD0128,2,44607.89,39.04
ITEM002256,ORD00676,PROD0495,4,28625.69,47.67
ITEM002257,ORD00285,PROD0361,6,40091.48,26.72
ITEM002258,ORD00904,PROD0083,5,26326.55,1.97
ITEM002259,ORD00740,PROD0045,-5,9263.42,13.49
ITEM002260,ORD00371,PROD0536,8,17544.08,23.15
ITEM002261,ORD00102,PROD0239,3,29523.56,0.9
ITEM002262,ORD00209,PROD0154,1,3284.01,25.36
ITEM002263,ORD00074,PROD0506,1,20134.86,32.16
ITEM002264,ORD00706,PROD0153,3,11430.39,9.45
ITEM002265,ORD00432,PROD0122,1,19283.64,44.32
ITEM002266,ORD00028,PROD0511,1,47026.97,40.62
ITEM002267,ORD00354,PROD0395,7,7030.75,35.09
ITEM002268,ORD01176,PROD0463,8,47265.02,36.74
ITEM002269,ORD00591,PROD0026,6,24791.43,39.09
ITEM002270,ORD00189,PROD0284,6,45074.44,33.91
ITEM002271,ORD01016,PROD0262,7,27183.23,24.65
ITEM002272,ORD00427,PROD0371,5,46993.24,10.94
ITEM002273,ORD00677,PROD0068,7,44826.54,48.76
ITEM002274,ORD00858,PROD0363,4,33346.23,43.63
ITEM002275,ORD01038,PROD0204,4,33101.39,46.34
ITEM002276,ORD01121,PROD0440,7,41623.04,10.79
ITEM002277,ORD00803,PROD0307,4,7797.45,43.03
ITEM002278,ORD00944,PROD0485,8,328.31,25.39
ITEM002279,ORD00596,PROD0250,7,38595.53,30.5
ITEM002280,ORD00448,PROD0258,7,49841.16,34.53
ITEM002281,ORD01097,PROD0033,5,16024.45,2.98
ITEM002282,ORD00066,PROD0180,7,23227.71,36.64
ITEM002283,ORD00017,PROD0053,5,8693.55,49.29
ITEM002284,ORD00402,PROD0581,8,22397.15,45.73
ITEM002285,ORD01004,PROD0146,6,13555.09,39.42
ITEM002286,ORD00708,PROD0005,1,3265.44,6.89
ITEM002287,ORD01146,PROD0360,1,33861.54,34.46
ITEM002288,ORD00010,PROD0308,1,32930.89,47.97
ITEM002289,ORD00193,PROD0320,4,44247.45,6.96
ITEM002290,ORD00951,PROD0272,4,41235.77,37.53
ITEM002291,ORD00678,PROD0193,2,5672.6,11.95
ITEM002292,ORD00723,PROD0590,-2,20115.14,9.23
ITEM002293,ORD00944,PROD0271,7,42040.59,19.02
ITEM002294,ORD00376,PROD0353,1,26226.27,24.8
ITEM002295,ORD01083,PROD0198,6,17493.22,17.11
ITEM002296,ORD00165,PROD0266,7,48842.28,39.91
ITEM002297,ORD00166,PROD0599,2,4011.78,33.28
ITEM002298,ORD00624,PROD0353,6,37814.36,11.0
ITEM002299,ORD00930,PROD0033,7,6872.05,9.32
ITEM002300,ORD00221,PROD0426,4,22168.87,19.26
ITEM002301,ORD00288,PROD0089,8,18790.13,21.16
ITEM002302,ORD00342,PROD0436,2,8772.61,21.22
ITEM002303,ORD01053,PROD0264,8,19673.52,0.71
ITEM002304,ORD00122,PROD0435,2,30215.02,21.57
ITEM002305,ORD00042,PROD0241,6,47496.04,21.79
ITEM002306,ORD01012,PROD0061,1,35642.62,36.06
ITEM002307,ORD01106,PROD0147,3,45727.54,35.19
ITEM002308,ORD00858,PROD0452,2,47387.38,47.61
ITEM002309,ORD00441,PROD0288,1,15497.97,17.21
ITEM002310,ORD00186,PROD0299,1,7347.96,30.39
ITEM002311,ORD00497,PROD0411,1,42965.15,7.24
ITEM002312,ORD00360,PROD0244,5,6712.48,18.09
ITEM002313,ORD00760,PROD0453,3,30358.29,3.2
ITEM002314,ORD00679,PROD0300,5,31472.67,9.7
ITEM002315,ORD00175,PROD0534,4,32380.15,12.44
ITEM002316,ORD00763,PROD0231,2,44341.27,34.28
ITEM002317,ORD00322,PROD0600,2,33942.36,5.36
ITEM002318,ORD00033,PROD0418,2,47441.31,46.81
ITEM002319,ORD00260,PROD0400,6,40464.0,45.49
ITEM002320,ORD00438,PROD0166,7,7148.6,30.72
ITEM002321,ORD00110,PROD0516,3,7920.87,29.69
ITEM002322,ORD00505,PROD0407,2,39363.63,22.13
ITEM002323,ORD00944,PROD0446,2,38666.52,17.95
ITEM002324,ORD01157,PROD0527,8,148.84,32.17
ITEM002325,ORD00710,PROD0083,4,2918.34,13.71
ITEM002326,ORD00105,PROD0011,3,393.33,38.81
ITEM002327,ORD00773,PROD0534,8,27792.08,1.71
ITEM002328,ORD00437,PROD0318,1,8588.04,15.81
ITEM002329,ORD00819,PROD0464,1,11963.21,38.96
ITEM002330,ORD00558,PROD0009,4,13729.81,34.24
ITEM002331,ORD00941,PROD0357,2,26869.83,36.18
ITEM002332,ORD00492,PROD0435,2,2328.21,44.43
ITEM002333,ORD01126,PROD0136,2,2518.56,37.52
ITEM002334,ORD00206,PROD0250,7,3099.31,27.27
ITEM002335,ORD00328,PROD0153,-2,26817.32,27.35
ITEM002336,ORD00741,PROD0242,4,34288.55,3.84
ITEM002337,ORD00793,PROD0536,7,11190.95,42.05
ITEM002338,ORD00487,PROD0551,2,32460.79,35.07
ITEM002339,ORD00503,PROD0390,8,37479.4,29.63
ITEM002340,ORD00628,PROD0498,3,2404.03,1.16
ITEM002341,ORD00266,PROD0083,2,39049.11,48.33
ITEM002342,ORD00019,PROD0468,4,13522.81,18.26
ITEM002343,ORD00057,PROD0546,6,5299.56,10.83
ITEM002344,ORD00014,PROD0542,2,44119.41,29.21
ITEM002345,ORD00165,PROD0272,5,18154.17,46.74
ITEM002346,ORD00861,PROD0484,7,17271.45,19.47
ITEM002347,ORD00236,PROD0191,8,4004.54,21.96
ITEM002348,ORD00239,PROD0514,3,42338.22,12.03
ITEM002349,ORD00726,PROD0411,7,38269.13,19.08
ITEM002350,ORD00903,PROD0557,1,18675.54,24.72
ITEM002351,ORD00940,PROD0101,8,37397.24,41.16
ITEM002352,ORD00096,PROD0170,4,34400.79,46.38
ITEM002353,ORD00592,PROD0390,5,14926.26,19.55
ITEM002354,ORD00781,PROD0181,4,36403.31,0.04
ITEM002355,ORD00227,PROD0074,7,38978.85,34.21
ITEM002356,ORD00357,PROD0105,5,25616.8,5.63
ITEM002357,ORD00813,PROD0545,4,44370.04,20.78
ITEM002358,ORD00982,PROD0028,7,15728.37,26.93
ITEM002359,ORD01158,PROD0397,8,46355.94,10.82
ITEM002360,ORD01129,PROD0573,4,249.2,13.92
ITEM002361,ORD00451,PROD0499,4,20138.07,11.35
ITEM002362,ORD00162,PROD0353,3,37366.32,7.25
ITEM002363,ORD00233,PROD0172,1,19226.76,29.92
ITEM002364,ORD00574,PROD0066,5,2588.99,37.14
ITEM002365,ORD00298,PROD0593,8,8599.91,25.68
ITEM002366,ORD00576,PROD0492,4,1119.07,26.82
ITEM002367,ORD00915,PROD0598,7,32634.98,42.4
ITEM002368,ORD00984,PROD0343,5,41648.27,23.85
ITEM002369,ORD00584,PROD0596,1,15854.62,46.49
ITEM002370,ORD00277,PROD0110,2,14030.05,42.68
ITEM002371,ORD00688,PROD0428,2,27689.31,26.73
ITEM002372,ORD00209,PROD0010,8,10641.84,40.04
ITEM002373,ORD00642,PROD0417,2,49658.36,10.01
ITEM002374,ORD00193,PROD0173,6,41656.87,22.43
ITEM002375,ORD00365,PROD0425,5,30479.24,10.9
ITEM002376,ORD01149,PROD0520,4,26325.23,34.49
ITEM002377,ORD01190,PROD0600,3,34915.2,5.69
ITEM002378,ORD00425,PROD0014,7,49556.3,17.4
ITEM002379,ORD00352,PROD0118,4,21137.43,6.03
ITEM002380,ORD00496,PROD0079,6,13461.27,1.83
ITEM002381,ORD00093,PROD0318,1,12209.36,33.63
ITEM002382,ORD00732,PROD0303,6,25225.76,17.09
ITEM002383,ORD00863,PROD0241,2,7742.11,42.53
ITEM002384,ORD00447,PROD0158,6,38882.07,44.6
ITEM002385,ORD00217,PROD0449,2,41697.98,35.03
ITEM002386,ORD00378,PROD0331,2,31504.58,42.15
ITEM002387,ORD00521,PROD0506,3,45239.72,5.31
ITEM002388,ORD00374,PROD0193,1,6163.56,27.1
ITEM002389,ORD00478,PROD0586,6,12984.58,41.24
ITEM002390,ORD01137,PROD0258,2,15766.17,10.88
ITEM002391,ORD00108,PROD0249,-4,29931.01,26.07
ITEM002392,ORD00692,PROD0048,7,34818.6,15.29
ITEM002393,ORD01187,PROD0552,5,45741.86,1.61
ITEM002394,ORD00361,PROD0111,4,16498.24,47.29
ITEM002395,ORD00191,PROD0429,2,3420.47,10.31
ITEM002396,ORD00964,PROD0197,8,1536.26,34.62
ITEM002397,ORD00248,PROD0491,5,48733.59,35.32
ITEM002398,ORD00370,PROD0313,3,32352.33,36.75
ITEM002399,ORD00554,PROD0097,4,40556.84,3.07
ITEM002400,ORD00504,PROD0190,7,15702.3,45.09
ITEM002401,ORD00193,PROD0558,5,14580.44,8.41
ITEM002402,ORD01133,PROD0278,1,7951.36,13.98
ITEM002403,ORD00754,PROD0008,5,22016.99,17.55
ITEM002404,ORD00187,PROD0121,7,32902.76,48.99
ITEM002405,ORD00854,PROD0281,-5,14321.86,15.45
ITEM002406,ORD00720,PROD0198,2,44873.02,23.37
ITEM002407,ORD00656,PROD0319,3,15074.09,16.24
ITEM002408,ORD00192,PROD0058,3,19338.62,3.8
ITEM002409,ORD00145,PROD0028,6,19228.21,30.83
ITEM002410,ORD00372,PROD0592,3,1858.11,47.84
ITEM002411,ORD00496,PROD0492,7,21695.83,33.2
ITEM002412,ORD00868,PROD0178,6,11763.01,26.86
ITEM002413,ORD00192,PROD0583,2,31293.11,27.09
ITEM002414,ORD00393,PROD0017,4,39193.74,15.28
ITEM002415,ORD00575,PROD0153,7,21289.53,8.88
ITEM002416,ORD00385,PROD0277,4,40317.08,33.73
ITEM002417,ORD01104,PROD0236,5,10513.48,18.55
ITEM002418,ORD01079,PROD0391,5,36609.57,25.39
ITEM002419,ORD00742,PROD0295,4,36400.17,8.83
ITEM002420,ORD00274,PROD0568,1,22543.36,10.21
ITEM002421,ORD00045,PROD0592,3,48706.65,42.63
ITEM002422,ORD01072,PROD0383,8,42192.05,43.28
ITEM002423,ORD00510,PROD0583,7,14240.62,10.48
ITEM002424,ORD00197,PROD0482,1,13004.85,6.23
ITEM002425,ORD01126,PROD0536,1,38124.9,39.91
ITEM002426,ORD00697,PROD0281,8,10692.1,13.74
ITEM002427,ORD00584,PROD0412,7,21542.0,29.45
ITEM002428,ORD01187,PROD0265,7,35069.73,22.88
ITEM002429,ORD00046,PROD0444,2,42329.34,31.06
ITEM002430,ORD00169,PROD0083,-2,39941.2,13.04
ITEM002431,ORD00918,PROD0106,8,41480.54,20.94
ITEM002432,ORD00668,PROD0001,2,27186.7,25.26
ITEM002433,ORD00041,PROD0099,5,13111.9,44.34
ITEM002434,ORD00371,PROD0210,4,48485.87,18.4
ITEM002435,ORD00891,PROD0590,1,44158.88,49.61
ITEM002436,ORD00570,PROD0332,1,32321.08,39.08
ITEM002437,ORD00837,PROD0591,4,24275.18,15.54
ITEM002438,ORD00278,PROD0271,7,3697.84,41.57
ITEM002439,ORD01100,PROD0172,8,6306.14,47.95
ITEM002440,ORD00267,PROD0339,4,26991.97,43.56
ITEM002441,ORD01005,PROD0439,7,43739.76,15.04
ITEM002442,ORD00147,PROD0422,4,25913.36,14.38
ITEM002443,ORD00501,PROD0417,1,33591.54,9.79
ITEM002444,ORD01049,PROD0360,2,1184.61,3.97
ITEM002445,ORD00290,PROD0450,7,30094.0,4.2
ITEM002446,ORD00427,PROD0002,6,7456.74,43.41
ITEM002447,ORD01003,PROD0471,7,37973.44,2.44
ITEM002448,ORD00443,PROD0397,3,2675.11,9.72
ITEM002449,ORD00866,PROD0221,5,10643.11,29.76
ITEM002450,ORD00826,PROD0521,7,37385.7,35.94
ITEM002451,ORD00477,PROD0108,3,9889.2,18.54
ITEM002452,ORD00864,PROD0091,1,22479.81,10.99
ITEM002453,ORD00255,PROD0458,6,23103.11,44.31
ITEM002454,ORD00355,PROD0424,7,12325.65,19.62
ITEM002455,ORD01103,PROD0321,8,40704.49,13.25
ITEM002456,ORD01016,PROD0384,5,32538.16,47.05
ITEM002457,ORD01029,PROD0343,6,42437.24,22.31
ITEM002458,ORD00942,PROD0260,1,48118.92,39.2
ITEM002459,ORD00976,PROD0399,8,14141.49,13.26
ITEM002460,ORD00308,PROD0024,8,21120.4,17.73
ITEM002461,ORD00632,PROD0456,5,4504.52,15.85
ITEM002462,ORD00965,PROD0213,4,3063.81,29.42
ITEM002463,ORD00067,PROD0048,5,36949.89,39.82
ITEM002464,ORD00764,PROD0408,3,12184.19,14.53
ITEM002465,ORD00540,PROD0352,6,32769.24,21.13
ITEM002466,ORD00504,PROD0351,4,43259.47,6.51
ITEM002467,ORD00843,PROD0441,1,43098.88,1.84
ITEM002468,ORD00956,PROD0030,2,3599.97,36.78
ITEM002469,ORD00631,PROD0599,6,41241.14,3.89
ITEM002470,ORD01028,PROD0582,7,41694.05,49.68
ITEM002471,ORD00178,PROD0561,6,25168.88,37.44
ITEM002472,ORD00918,PROD0284,2,15666.75,15.32
ITEM002473,ORD00919,PROD0436,7,25604.97,33.45
ITEM002474,ORD00575,PROD0473,7,20054.77,32.54
ITEM002475,ORD00786,PROD0561,1,37044.67,35.6
ITEM002476,ORD00756,PROD0414,6,937.12,32.1
ITEM002477,ORD00139,PROD0283,4,34613.61,0.18
ITEM002478,ORD00370,PROD0589,8,21198.37,14.29
ITEM002479,ORD00036,PROD0324,8,34052.41,31.16
ITEM002480,ORD00865,PROD0179,2,12743.5,17.73
ITEM002481,ORD00443,PROD0091,7,1708.35,24.23
ITEM002482,ORD00924,PROD0250,2,12741.19,36.66
ITEM002483,ORD01025,PROD0348,8,15031.69,15.12
ITEM002484,ORD00263,PROD0003,5,14173.1,0.83
ITEM002485,ORD00341,PROD0232,8,32292.47,41.92
ITEM002486,ORD00169,PROD0551,7,20739.63,46.28
ITEM002487,ORD01018,PROD0491,4,4599.61,10.18
ITEM002488,ORD00751,PROD0079,4,532.27,17.77
ITEM002489,ORD00766,PROD0201,7,38645.06,26.73
ITEM002490,ORD00161,PROD0358,6,31921.0,34.69
ITEM002491,ORD01002,PROD0564,6,43853.54,40.34
ITEM002492,ORD00119,PROD0592,2,45842.02,48.56
ITEM002493,ORD01135,PROD0385,2,18901.81,17.26
ITEM002494,ORD00365,PROD0221,2,29421.07,15.55
ITEM002495,ORD01172,PROD0094,1,36643.75,49.64
ITEM002496,ORD01092,PROD0067,7,9535.02,6.36
ITEM002497,ORD00355,PROD0320,2,34487.96,43.82
ITEM002498,ORD01177,PROD0475,4,48905.94,42.35
ITEM002499,ORD00209,PROD0178,6,7821.41,45.23
ITEM002500,INVALID_ORDER_2500,PROD0093,5,36214.08,4.41
